"GPU_Unique_ID","Rack_ID","Time_Period","Average_GPU_Temperature","Peak_GPU_Temperature","Average_GPU_Power_Usage","Peak_GPU_Power_Usage","Average_GPU_Memory_Usage","Peak_GPU_Memory_Usage"
1,1,1,71.6,78.7,170.3,214.7,76.8,85.8
2,1,1,71.2,72.7,212.5,242.7,83.3,82.7
3,1,1,79.7,83.4,186.9,222.8,80.8,88.7
4,1,1,81,77.5,203.4,236.5,81,91.8
5,1,1,88.1,76.9,208.8,247.2,67.5,77.6
6,2,1,75.7,71.5,204.9,221.2,79,76.3
7,2,1,65.4,65.9,157.8,234,74.8,94.4
8,2,1,78.1,77.8,173,227.9,86.1,87.3
9,2,1,75.6,81.3,223.1,264.1,79,82.4
10,2,1,72.4,78.1,214.5,223.8,75,96.1
11,3,1,70.3,75,154.8,234.8,86.6,100
12,3,1,88.8,77.5,144.9,252,89.7,87.5
13,3,1,73.7,88.3,140.9,221.1,72.1,91.9
14,3,1,64.6,79.6,164.4,256.9,74.3,87.8
15,3,1,66.8,73.9,212.1,251.4,89,82.1
16,4,1,73.8,70.9,167.1,274.1,86.8,90.8
17,4,1,77.9,70.2,165.4,194.4,79.9,91.4
18,4,1,71.8,85.1,175.8,190.2,75.8,85.4
19,4,1,76.8,67.2,155.9,195.4,82.3,87.7
20,4,1,81.7,70,170.1,203.3,80.3,97.3
21,5,1,75.1,77.1,158.5,215.8,77.5,88.4
22,5,1,65.9,85.7,177.4,190.8,77.1,85.5
23,5,1,77.5,68.5,141.7,228,91.6,82.4
24,5,1,81.7,74.2,169.4,195.8,80.6,86.3
25,5,1,79,78.2,172.2,244.9,91.8,82.2
26,6,1,81.4,67.3,177,236.3,77,85.1
27,6,1,69.7,76.9,139.4,212.9,83,92.9
28,6,1,79.4,77,177.8,222.8,84.8,85.9
29,6,1,77.4,76.2,162.3,196,89.1,88.3
30,6,1,74,74.1,168.4,186.4,84.1,97.8
31,7,1,68.7,61,167.3,247.2,80.3,88.6
32,7,1,76.2,77.6,151.7,203.9,83.5,95.5
33,7,1,73.1,70.4,183.4,239.8,76.4,91.7
34,7,1,80.3,76.5,182.9,233.2,71.8,92.4
35,7,1,73.8,68,215.8,225.8,76.7,92.4
36,8,1,70.4,75.3,178.3,252.6,83.3,95.4
37,8,1,74,76.1,166.4,198.1,82.8,93.3
38,8,1,70.4,69.7,195.5,271.4,79.1,100
39,8,1,75.6,69.4,174.9,235,78.9,91.8
40,8,1,70.9,75.2,190.7,236.3,88.3,91
41,9,1,79.7,73.1,159.5,201.7,78.3,86.9
42,9,1,84.1,75,179.9,234.5,79.9,94.5
43,9,1,79.1,69.2,158.4,234.7,90,93
44,9,1,69.3,83.2,126.8,279.5,75,93.2
45,9,1,70.2,68.8,202.8,241.2,81,83.9
46,10,1,86.4,69.6,142.7,226.6,84.3,88.4
47,10,1,76,70.3,188.6,184.1,82.2,100
48,10,1,76.8,85.7,161.4,231.7,74.2,93.3
49,10,1,78.5,75.8,166,218.8,83.5,92.7
50,10,1,71.5,80,170.7,190.9,79.6,85.3
1,1,2,73.6,70.5,169.4,249.9,80.5,96
2,1,2,64.9,80.1,166.5,208.6,77.3,95.7
3,1,2,74.5,77.3,179.9,213.2,75.5,89.4
4,1,2,70.7,73.3,177.6,242.7,85.8,97.4
5,1,2,84.2,69.8,175.8,223.3,85,92.5
6,2,2,69.3,63,219.6,197.2,78.8,80.1
7,2,2,71.8,70.2,167.4,193.9,82.2,82
8,2,2,77.2,77.9,190.5,203.9,76.9,92.8
9,2,2,69.6,82.7,194,203.6,70.3,88.2
10,2,2,70.7,74.3,127.3,170.7,75.7,88.2
11,3,2,72,83.2,185.1,188.3,82.1,92.8
12,3,2,84.3,73.8,178,180.1,78.3,92.5
13,3,2,76,80.8,180.6,214.5,81.7,91.4
14,3,2,71.4,81.8,176.1,196.8,73.3,85.5
15,3,2,73.8,76,197,204.7,75.5,85.2
16,4,2,78.9,81,175.3,205.6,77.7,95.2
17,4,2,83.3,76.7,229.5,221.8,78.3,90.2
18,4,2,76.4,80.5,183.8,248.3,88.1,82.4
19,4,2,69,81.7,175.4,179.7,74.6,83.7
20,4,2,72.1,75.2,190.9,198.1,87.7,94.5
21,5,2,76.9,80,175.4,214.9,73.1,87.9
22,5,2,74.4,68.4,174.1,206.1,89.4,98.3
23,5,2,71.6,75.6,161,282.5,82.7,92.2
24,5,2,76.5,68.3,205.8,214.2,76.9,89.2
25,5,2,75.4,74.8,176.5,229.4,77.8,90.8
26,6,2,74.8,71.1,173.4,197.6,84.6,96.1
27,6,2,80.6,80.2,170.6,204.5,85.8,82.4
28,6,2,80.9,65.6,136.4,201.9,82.4,96.9
29,6,2,71.7,71.5,193.9,181.7,88.1,89.8
30,6,2,74.4,74.4,164.6,235.3,79.3,88.5
31,7,2,64.6,81.6,191.9,214.3,84.1,89.1
32,7,2,61.7,79.9,224.6,175,83.2,98.3
33,7,2,83.9,76.2,161.7,221,71.4,72.5
34,7,2,77,70.6,191.8,239.3,91,90.3
35,7,2,82.3,74.7,191.7,210.3,81.8,92.8
36,8,2,90,78.9,163.4,193.3,87.4,82.1
37,8,2,90,71.6,175.4,239.7,77.5,90.7
38,8,2,77.4,70.2,176.8,223.5,77.1,85.4
39,8,2,64.3,76.7,194.7,222.7,85.2,86.1
40,8,2,70.7,68.6,169.8,268,90.3,92.6
41,9,2,88.8,78.3,167.6,247.9,83.8,92.2
42,9,2,70.4,64.9,198.3,197.2,81.5,90.9
43,9,2,72.3,78.7,189.4,241.9,79,94.8
44,9,2,72.3,80.6,190.7,203.3,78.2,88
45,9,2,75.3,73.4,214.3,250.7,81.8,92.1
46,10,2,77,73.3,163.9,209.7,80,81.6
47,10,2,73.4,81.8,177.4,194.2,73.6,91.4
48,10,2,65.6,78.3,196.1,259.5,71.2,77.8
49,10,2,76,68.3,168.7,214.6,80.8,78.3
50,10,2,74.9,87.4,159.9,181,68.1,96.4
1,1,3,84.4,80.1,168.2,225.8,72.2,85.8
2,1,3,80,68.4,181.5,228,78.3,89.6
3,1,3,76.5,81.3,188.1,237.3,78.1,91.2
4,1,3,70.9,74.3,147.3,257.1,85.5,97
5,1,3,73.6,74.7,209,201.7,79.2,88.1
6,2,3,72.1,86.4,167.1,232.3,81.2,80.6
7,2,3,66.2,68,206.3,232.4,78.3,100
8,2,3,73.7,72.1,187.6,219.6,77.4,86.4
9,2,3,67.1,79.7,218.9,195.8,72.9,91.5
10,2,3,67.6,80.6,194.9,203.5,90.2,96.8
11,3,3,84,71.2,163.5,220.5,79.4,92.5
12,3,3,74.2,74.5,188.9,205.2,87.4,83.3
13,3,3,82,79.6,210.8,243.5,82.9,98.7
14,3,3,72.9,73.2,175.6,215.4,80.9,93.6
15,3,3,80.2,76.3,175.9,175,77.6,82.4
16,4,3,76.6,75.2,157.8,229.8,79.7,88.6
17,4,3,77.7,70.6,190.4,169.6,85.6,85.3
18,4,3,78,81.9,174.7,266,74,90.1
19,4,3,75.1,74,174.5,209.2,82.3,90.1
20,4,3,76.4,80.3,166,223.7,77,97.1
21,5,3,83,73,192.4,262,78,90.2
22,5,3,69.6,74,211.7,227.5,78.4,97.6
23,5,3,78.6,84.6,195.5,239.9,79.2,87
24,5,3,84.9,77.8,167.9,229.8,83.7,95.2
25,5,3,66,74.9,206.8,247.7,73.3,82.6
26,6,3,74.8,74.7,151,252.3,88.3,86.3
27,6,3,76,66.7,147.4,204.1,71.4,84.9
28,6,3,63.4,59.2,164.8,225,78.2,86.8
29,6,3,75.5,78.3,188.1,239.4,88.1,78.4
30,6,3,77.5,73.3,204.4,218.6,74.6,85.5
31,7,3,78.9,65.6,187.4,257,78.8,96.1
32,7,3,90,71.1,184.8,195.7,81.9,83.5
33,7,3,65,81.9,176.5,215.8,74.6,87.5
34,7,3,74,67.3,175.4,260.1,84.1,91.3
35,7,3,69.5,70.8,193,232.7,78.4,97.4
36,8,3,72.2,65.1,184.3,195.4,80.3,91
37,8,3,63.8,74,219.7,220.8,84.9,92.9
38,8,3,69.1,81.3,159.1,202,70.7,96.3
39,8,3,78.5,83.1,174.6,252.4,74.3,79.8
40,8,3,73.7,77.3,190.5,248.9,81.5,92.9
41,9,3,75.9,68.6,187.1,213,70.6,87.3
42,9,3,74.5,69.9,185.5,206.2,69.4,86.9
43,9,3,90,75.6,206.6,199.8,85.2,89.2
44,9,3,80.6,78.6,173,207,79.8,89.1
45,9,3,79.3,68.2,181.1,188,74,100
46,10,3,76.4,59.7,156,208.4,80.5,77.7
47,10,3,69.1,88.2,202.6,226.2,83.3,96.2
48,10,3,77.9,82.1,217.4,210.4,77.6,89.6
49,10,3,83.4,82,152.6,222,68,98.8
50,10,3,64.3,79.7,192.4,232.2,88.2,92.8
1,1,4,75.4,70.5,171.8,207.4,79.8,89.4
2,1,4,75.9,82,165.9,160.4,85.1,85.8
3,1,4,74.8,78.7,214.3,243.2,76.8,90.4
4,1,4,81.2,76.4,189.8,228.2,75.5,77.6
5,1,4,68.8,80.5,192.8,249.5,74.4,95.1
6,2,4,73.5,90,199.3,181.1,80.3,88.9
7,2,4,79.1,77.4,190.7,221.8,68.1,91.8
8,2,4,75.4,67.1,196.9,217.5,71.9,86.1
9,2,4,87,67.7,204.3,198.6,75.7,93.4
10,2,4,67.3,78.9,161,199.3,73,93.8
11,3,4,68.2,78.3,158.8,253.5,82.9,100
12,3,4,64.5,79.1,204.6,210.7,77.7,84.6
13,3,4,81.3,68.4,212.7,180.5,79.7,85.5
14,3,4,79.2,78.2,186.6,245.1,75.9,85
15,3,4,74.4,79.4,175.7,266,79.5,87.5
16,4,4,81.1,78.2,174.5,259,85.3,82.7
17,4,4,68.2,71.9,161.9,183.1,74.2,92.9
18,4,4,76.6,80.4,170,258.2,80.8,97.3
19,4,4,68.5,72.7,165.4,189.4,76.9,89.9
20,4,4,73.2,63.4,193.8,234.8,82.9,91.8
21,5,4,75.7,82.6,196.7,247.3,93.4,92
22,5,4,62.6,83.3,204,215.3,84.4,86.1
23,5,4,72,65.9,145.9,216.1,77.4,79.5
24,5,4,66.2,84.1,214.2,194.8,80.9,97.9
25,5,4,75.2,74.1,214.1,195.7,72.2,90.5
26,6,4,65.9,82.5,166.1,168.1,79.8,93
27,6,4,68.6,85.1,136.4,220.4,83,81
28,6,4,75.6,83.8,200.3,227.8,81.8,88.5
29,6,4,63.2,81.4,201.5,218.4,84.6,96.6
30,6,4,65.3,79.4,213.4,241.2,75.5,83.6
31,7,4,65.8,75.1,147.8,209.8,79.2,97.7
32,7,4,72.1,73.2,181.1,214,78.2,84.4
33,7,4,72.4,70.4,143.4,205.4,75.4,85.9
34,7,4,79.9,75.5,180.3,158.8,83.8,75.6
35,7,4,67.7,79.1,204.9,199.8,72.9,90.7
36,8,4,75.4,73.1,147.8,241.5,86.1,78.1
37,8,4,81.8,77.2,161.4,232.2,83.6,98.6
38,8,4,78.4,76.1,158,242.2,83,85.9
39,8,4,81.6,70.3,195.2,215.7,71.2,86.9
40,8,4,83.2,63.2,176.4,236.5,83.8,96.3
41,9,4,75.3,73.4,184.3,192.7,71.4,69.5
42,9,4,79.7,81,183.1,254.6,75,97.9
43,9,4,90,77.3,184.9,187.8,80.1,89.7
44,9,4,68.2,81.7,179.5,219,82.6,93.4
45,9,4,78.3,76.9,191.7,224.6,76.8,85.5
46,10,4,64.8,71.9,192.6,243,76.2,95.1
47,10,4,75.5,83.9,175.1,228.8,73.5,85.4
48,10,4,74.4,77,174.7,210.3,88.2,81
49,10,4,75.7,78.7,179.7,194.2,77,91.1
50,10,4,70.3,66.4,219.9,260.5,76.9,82.7
1,1,5,75.8,78.8,194.2,235.8,79.8,93.6
2,1,5,68.2,77.4,155.2,221.9,70.6,92.2
3,1,5,74.7,77.6,178.8,234.8,82.4,85.6
4,1,5,73.3,75.3,185.6,216.8,87,88.5
5,1,5,70.7,70.5,166.4,196.7,84.2,84.8
6,2,5,86.1,76.2,151.5,241.6,77.5,83.6
7,2,5,87.6,69.8,189.9,238,81.3,87
8,2,5,74.8,82.8,167.6,219.4,84,81.3
9,2,5,78.6,77.7,167.8,209.1,88.1,92.3
10,2,5,71.6,74.1,203.1,250.8,75.6,94.8
11,3,5,73.9,77,194.5,214.4,76.1,97.3
12,3,5,72.7,76,181.2,250.1,78.8,94.9
13,3,5,81.9,70.3,168.7,206.3,89,94.8
14,3,5,74.4,73.3,205.8,198.7,86.7,80.7
15,3,5,78.7,81.7,170.6,205.9,81.2,91.8
16,4,5,79.9,71.9,157.3,225,80.5,80.1
17,4,5,72.4,85.6,198.6,247.2,69.8,90.3
18,4,5,78.9,77.9,192,169.4,77.5,87.1
19,4,5,79.3,83.2,216.7,247.2,76.6,90
20,4,5,80.2,81.1,178.8,256.2,80.6,96.1
21,5,5,79.3,70.1,173.9,176.1,79.5,94.4
22,5,5,75.9,81,159.9,203,83.7,99.4
23,5,5,66.5,77.6,156,232.6,77.3,84.6
24,5,5,74.7,77.6,166.7,234.9,83.2,89.4
25,5,5,73.1,76.5,146.4,227.5,79,96.1
26,6,5,79.7,84.5,232,192.2,78.3,89.2
27,6,5,66.7,74.1,181.2,252.5,77.4,88.4
28,6,5,78.7,88.6,183.2,233.2,78.3,92.8
29,6,5,68.3,89.5,168.1,277,77.7,89.7
30,6,5,70.6,84.2,201.9,255.8,73.2,96.5
31,7,5,75,73.9,186.3,194.9,80.4,83.8
32,7,5,89.2,72.5,176,224.1,79.7,92
33,7,5,77.7,73.7,171.1,242.3,85.7,92.1
34,7,5,77.3,76.5,199,232.4,83.2,91.7
35,7,5,67.6,75.8,183.2,231.6,79.1,78.1
36,8,5,78.9,78.4,121,218,68.3,92.4
37,8,5,71.8,62.6,171.9,239.3,72.8,88
38,8,5,68.3,68.7,170.1,232.3,84,90.1
39,8,5,83.7,72.7,155.4,238.3,81.6,96
40,8,5,81.3,80.7,175,221.4,74.6,85.1
41,9,5,75.6,76.3,171.9,226,80.1,88.7
42,9,5,68.6,71.3,177.6,222.9,84,95.1
43,9,5,67.7,71.5,196.3,190.8,76.3,91.5
44,9,5,76.6,72.5,135.7,246.9,79.6,94.3
45,9,5,83.9,74.8,192.2,201.3,95.4,87.2
46,10,5,79,77.7,162.7,207.4,81.5,91.6
47,10,5,67.1,72.3,156.7,200.5,79.6,89.3
48,10,5,77.8,74.6,199.4,236.2,91.2,87.6
49,10,5,73,79.5,181.8,248.8,84.7,96
50,10,5,75.8,68.8,156.3,202.1,83.6,95.2
1,1,6,85.3,81.6,185.1,243.9,78.6,86.4
2,1,6,82.5,77.2,192.7,198,81.1,88.9
3,1,6,83.2,77.3,174.4,217.3,85.8,95.9
4,1,6,67.7,80.7,172,203.5,76.5,92.9
5,1,6,76.5,73.1,191.5,218.8,75.1,88.5
6,2,6,71.1,80.1,170.9,218.9,83.4,92.3
7,2,6,67.3,76.8,138.4,247.4,74.5,82.9
8,2,6,87.8,66.5,183.6,208.8,87.3,91
9,2,6,67.5,81.9,171.8,224.6,79.4,97.4
10,2,6,78.7,81.2,186.9,216.2,77.1,81.1
11,3,6,86.4,67.9,165.8,217.3,81.3,92.8
12,3,6,75.5,70,141.2,221.4,78.4,72.7
13,3,6,71.5,88.7,166.1,237.8,79.1,96.4
14,3,6,67.4,79.1,186.7,177,74.5,94.9
15,3,6,80.8,76.7,172.7,248.5,76,91.1
16,4,6,73.7,68.1,187.2,203.7,77.6,93.7
17,4,6,77.1,79,181.2,231.5,82.3,88.2
18,4,6,74.3,71.5,182.8,194,80.1,96.7
19,4,6,81.5,81.7,185.1,211.6,82.1,87.6
20,4,6,72.9,75,185.6,180.8,81.8,98.4
21,5,6,79.7,78.8,177,210.4,78.9,96.3
22,5,6,74.5,82.7,152.2,188.6,77.8,100
23,5,6,75.8,80.4,175.2,256.1,76.9,83.7
24,5,6,71.8,76.2,163.7,225.5,83.6,90.4
25,5,6,74.4,72,248.4,211.5,77.3,88.8
26,6,6,73.7,76.9,179.3,211.5,83.1,93.6
27,6,6,87.5,81.7,193,200.2,79.7,89.8
28,6,6,66.3,72.3,150.5,237.8,83.8,98
29,6,6,67,63.2,168.4,228.6,80.9,83.9
30,6,6,65.8,72.3,150.2,242.8,73.5,80.8
31,7,6,76.5,82.8,190.8,225.7,74.4,91.4
32,7,6,77.2,90,189.9,246.7,84.4,87.1
33,7,6,65.3,84.4,203.4,248.5,82.3,96.7
34,7,6,72.3,76.7,179.8,212,79,88
35,7,6,79.5,81.7,194.5,259.6,83,92.7
36,8,6,74.8,71.9,217.6,173.9,83.2,83.6
37,8,6,85,71.4,151.9,226.2,85.9,96.1
38,8,6,86,72.2,205.6,218,76.3,89.3
39,8,6,63.4,77,154.6,217.4,86,87.2
40,8,6,72.8,65,193.6,221.9,72.3,85.6
41,9,6,75.4,72.8,200.3,218.7,80.6,91.1
42,9,6,84.9,77,187.9,221.1,81.2,97.3
43,9,6,77.8,85.8,167,234.4,85.7,90.3
44,9,6,77.6,79.6,187.7,300.9,86.2,99.1
45,9,6,71.3,69.8,203.9,204.8,84.7,89.4
46,10,6,68.9,74,189.4,244.4,85,83
47,10,6,76,64.1,210.4,227.5,78.6,89.4
48,10,6,69.1,68.9,152.5,196.2,84.2,81.6
49,10,6,76.7,73.6,144.9,236.2,78.6,84.4
50,10,6,70.8,65.5,164.4,202.8,71.5,88.4
1,1,7,77.8,69.1,142.9,218.1,73.5,90.5
2,1,7,77.6,69.9,159,247.5,84.6,89.1
3,1,7,73.6,82.7,189.7,209.4,77.7,82.6
4,1,7,76.1,74.3,183.5,226.4,80.6,97
5,1,7,73.5,68.1,165.9,241.3,81.7,80.8
6,2,7,76.4,82.3,198.9,194.1,77.6,90.2
7,2,7,79.7,74.1,183.9,184.4,84.6,80.8
8,2,7,70.6,69.4,168.4,229,71.5,93.3
9,2,7,71.3,76,151.2,202.4,86.4,91.4
10,2,7,81.7,76.8,208.9,223.6,77,79.9
11,3,7,74.4,64.6,177.1,255.1,80.8,85.3
12,3,7,80.1,73.3,180.1,243.6,81.4,88.4
13,3,7,87,68.4,169.2,235.3,82.9,82.2
14,3,7,85.1,74.3,209.5,207.6,72.3,91.2
15,3,7,85,74.5,175.3,235.6,84.6,88.6
16,4,7,77.3,80.5,186.7,195.1,80.9,89.6
17,4,7,71.1,62.1,196.5,165.7,84.7,97.6
18,4,7,72.5,71.8,206,222.4,79.1,98.4
19,4,7,61.7,69.6,227.9,219.1,81.8,86.5
20,4,7,78.1,78.4,162.8,229.9,81,84.2
21,5,7,80.5,70.1,176.7,195.2,80.9,85.6
22,5,7,74.4,68.6,201.7,212.2,88.3,93.8
23,5,7,86.7,69.1,174,212.3,74.5,99.8
24,5,7,73.8,71.1,200.7,212.1,76.2,96.6
25,5,7,67.9,76.7,231.6,225,85.2,95.7
26,6,7,71.1,77.3,198.3,202.5,79.4,78.9
27,6,7,70.9,75.4,164.8,216.9,91.2,90.5
28,6,7,77.9,79.6,184.3,230.3,77.5,84.1
29,6,7,69.9,76.6,186,211.2,72.3,90
30,6,7,70.8,74.8,205.5,229.6,72.4,90.8
31,7,7,78.4,76.1,174.8,237.2,74,79.9
32,7,7,84.2,75.8,180.7,221,85.6,93.1
33,7,7,76.7,68.2,157,220.5,78.1,90.9
34,7,7,76.4,78.2,168.8,213.3,85,82.4
35,7,7,74.5,87.4,174.5,251.6,73.3,82.3
36,8,7,71.1,74.6,195.1,257.6,82.1,89.6
37,8,7,68.2,78.5,155.2,231.2,84.3,86.7
38,8,7,77.8,73.3,193.3,214.3,82.2,100
39,8,7,77.5,71.7,182.5,236.4,77.4,94.9
40,8,7,64.9,61.8,194.9,248.9,79.9,82.3
41,9,7,63.9,75.7,147.2,221,86.1,89.6
42,9,7,79.1,75.1,156.4,213.9,73.5,94.5
43,9,7,73.7,79,177.2,208.4,82.3,94.7
44,9,7,75.3,76.3,169.5,232.1,73.8,100
45,9,7,81.7,70.4,162.8,230.5,87,90.4
46,10,7,69.7,79.1,167.1,200.7,75.1,81.5
47,10,7,71.3,75.3,175.3,201.8,76,88.3
48,10,7,68.9,71.6,214.6,215.7,71.9,97.6
49,10,7,67.9,72.5,148.4,222,84.2,87.3
50,10,7,74.7,57.9,215,196.5,77.8,93.4
1,1,8,67.4,81.6,142.8,153,85.8,99.5
2,1,8,73.2,86.7,234.7,249.6,78.3,89.3
3,1,8,84.1,69,179,216.5,68.9,84.1
4,1,8,74.2,74.6,207.4,218.4,80.8,86.6
5,1,8,72.9,77.1,169.3,209.7,80.9,81.1
6,2,8,75.5,70.8,165.2,217.9,77.2,87
7,2,8,79.6,66.4,192.6,245.6,67.7,79.1
8,2,8,68.4,78.8,198.2,192.9,70.9,93.4
9,2,8,67.9,71.6,194.8,225,80.9,93.1
10,2,8,79.2,79,150.3,227.5,74.4,90.4
11,3,8,66.8,63,160.5,270.9,68.3,95.4
12,3,8,80.8,67.1,156,212.6,82.3,87.3
13,3,8,75.4,76.3,194.2,228.9,82.7,78.1
14,3,8,80.5,72.9,167,246.7,79.7,80.3
15,3,8,75.3,83.4,204.5,261.4,78.1,89.1
16,4,8,69.3,76.4,196.2,255,77.8,86.4
17,4,8,62.1,75.8,181,235.4,82.3,98.6
18,4,8,59.1,65.4,157.5,237.4,79.3,82.4
19,4,8,82.4,77.6,196.5,254.5,78.8,95.6
20,4,8,72.7,65.1,204.1,216.2,83.9,99.1
21,5,8,71.6,60.2,181.2,294.3,74.2,89.9
22,5,8,76.3,90,191.2,221.3,74.2,95.4
23,5,8,79.8,74.7,144.9,236.6,80.9,85.8
24,5,8,71.2,78.4,199.3,226.1,84.1,91.9
25,5,8,78,69.4,169.5,253.1,79.1,94.4
26,6,8,66.5,73.5,176.3,253.7,80.1,91.4
27,6,8,63.9,73,153.4,222.5,81.3,89
28,6,8,70,75,176.8,227.5,71.2,94.5
29,6,8,70.8,78.9,186.1,204.3,76.1,96.5
30,6,8,75.7,84.8,155.4,233.8,84.3,86.4
31,7,8,76.1,75.6,179.5,182.7,78.5,95.3
32,7,8,74.3,77.8,169.1,216.8,81.5,89.6
33,7,8,86.3,80.7,156.1,301.8,78.7,85.2
34,7,8,78.9,72.2,178.8,179,87.2,88.2
35,7,8,79.7,75.8,182.5,227.6,85,86.3
36,8,8,81.3,74.9,192.7,157.8,80.9,91.6
37,8,8,75.9,73.2,174.3,190.9,79.1,98.3
38,8,8,70.8,70.9,197.8,216.4,78.4,97.6
39,8,8,84.6,75.7,195.2,189.2,78.7,88.6
40,8,8,69.9,70.4,185.6,252,81.5,95.1
41,9,8,65,71,189.7,225.4,79.7,91.2
42,9,8,68.6,72,171.6,180.1,86.4,85.4
43,9,8,76.1,72.8,177.3,230.3,78.4,87.8
44,9,8,85.9,68.7,187.5,235.5,82.8,89.3
45,9,8,81.2,68.6,197.9,241,76,87.7
46,10,8,80.5,77.9,176.9,213.6,85,82.6
47,10,8,80.7,80.3,174.3,226.2,85.6,89.2
48,10,8,70.8,74.7,179.9,206.2,83.7,85.9
49,10,8,70,74.4,183.5,243.6,75.3,88.4
50,10,8,72.2,82.7,216.7,257.1,88.2,92.7
1,1,9,70.9,72.1,179.5,260.9,72.6,87.2
2,1,9,80.4,74,181.9,165.1,83.1,99.3
3,1,9,65.7,68.4,192.6,214.3,75.8,87.5
4,1,9,75,72.1,206,211.9,70.4,90.8
5,1,9,69.3,77.5,195.5,210.8,80.7,79.5
6,2,9,69.2,72.9,186.9,213.4,78.7,80.4
7,2,9,77,70.3,197.2,237.2,79.3,79.7
8,2,9,75.2,67.4,167.3,229.4,85.7,97.1
9,2,9,88.2,68.5,212.5,237.5,77.5,96.2
10,2,9,72.8,71.4,189.9,206.7,79.1,87.9
11,3,9,71,78.3,181.1,282.1,89.5,94.6
12,3,9,79.1,69.2,160.5,261.8,80.7,94.5
13,3,9,86.2,80.4,128.8,227.2,83.9,95.8
14,3,9,76.4,75.7,207,186,82.3,85.8
15,3,9,74.7,76,133.4,218.9,84.9,87.5
16,4,9,80.1,73.6,188.3,285,89.3,91.4
17,4,9,80.3,72.3,178.8,162.4,86.8,96.3
18,4,9,74.4,75,177.3,206.4,79.4,95.2
19,4,9,67.6,67.6,154.7,266.4,76.3,89.1
20,4,9,68.4,71,178.3,227.1,80,94.6
21,5,9,84.8,66.9,210.7,207.6,83.8,94.7
22,5,9,80.3,68.2,169.8,234.1,75.3,83.9
23,5,9,82,79.9,190.2,234,64.1,95.4
24,5,9,70,68.6,191,221.9,74.1,92
25,5,9,68.8,76.2,178.7,232.6,80.4,97.3
26,6,9,73.2,75.3,192.2,218.5,81.3,89.1
27,6,9,78.2,64,168,239.8,84.1,79
28,6,9,81.1,83.8,193.4,217.6,84.1,89.8
29,6,9,77.3,74.7,207.5,262.1,75.6,90.5
30,6,9,66.8,73,178.6,223.6,73.9,85.4
31,7,9,70.6,79.2,171.4,179.1,73,84.8
32,7,9,78.1,73,171.4,247.7,76,94.2
33,7,9,75,77.7,175.6,219.9,85.4,89.5
34,7,9,77.1,71.9,163.2,219.2,72.2,91.1
35,7,9,73.4,71.8,180.8,228.3,83.5,88.6
36,8,9,84.7,70.7,135.3,202.7,80.6,81
37,8,9,68.4,70.2,172.2,218.5,91.6,89
38,8,9,76.4,69.2,176.3,218.2,78.5,90.5
39,8,9,72.5,74.7,171.8,235.2,84.6,81.6
40,8,9,72.3,76,189.3,205.2,79.3,87.2
41,9,9,74.5,77.2,211.4,210.1,82.5,87.3
42,9,9,77.7,72.9,212.3,173,82.4,88.5
43,9,9,76.4,79.2,151.4,249.6,88.8,84.5
44,9,9,68.9,70,176.2,185.7,84.6,98
45,9,9,74,77.6,145.8,229.5,78.5,92.9
46,10,9,72.3,78.9,197.1,199.3,76.8,86.8
47,10,9,89.5,79.7,174.7,222.8,80.1,91.8
48,10,9,70.4,76.7,164.4,195.8,77.3,87.1
49,10,9,78.1,77.4,159.5,189.4,81.3,93.9
50,10,9,78.6,72,183.9,202.3,81.7,84.2
1,1,10,72.3,76.8,183,201.2,72.6,83
2,1,10,80.3,64.1,181.2,243.1,76.5,86.7
3,1,10,78.5,78.6,175.5,225.1,75.3,88.3
4,1,10,77.3,74.2,170.9,203.1,79.3,99.8
5,1,10,74.7,78.9,170.5,231,70.7,90.1
6,2,10,74.6,64.6,162,210.9,76.2,86
7,2,10,68.9,80.3,160.5,212.3,74.7,90.2
8,2,10,76.9,71.7,214.6,211.5,86.7,75.8
9,2,10,82.9,71,161.6,228.4,85.6,89
10,2,10,75.4,84.5,185.9,227.5,74.8,88
11,3,10,77.9,74.8,189.8,210.2,73.3,86.9
12,3,10,66.6,74.1,159.5,232.2,83,92.6
13,3,10,66.9,81.1,185,178.3,82.1,88.5
14,3,10,82.3,73.3,191.9,213.8,80.8,95.1
15,3,10,64.5,84.5,166,212.5,71.9,84.8
16,4,10,72.2,75.4,211.9,193.8,78.1,85.8
17,4,10,70,68.2,181.8,208.8,84.5,93.6
18,4,10,77.6,80.4,175.8,198.5,69.1,89.4
19,4,10,77.7,72.1,164.9,218.7,81,99.4
20,4,10,82.3,72.3,171.1,194.2,84.8,94.2
21,5,10,72.7,75.8,165.5,248.7,83.6,86.4
22,5,10,76.2,79.5,187.9,198.1,85.8,100
23,5,10,77.2,73.5,159.6,216.9,74.2,93.6
24,5,10,78.5,65.1,185.5,199,80.8,88.4
25,5,10,73.6,81.6,166.7,204.3,71.9,98
26,6,10,69.9,66.6,178.9,228.9,85.4,98.3
27,6,10,76.9,68.4,149,214.2,75.1,82.3
28,6,10,78.2,78.3,222.1,231.2,85.7,98.5
29,6,10,80.9,65.7,189.7,189.6,74.5,91.8
30,6,10,78.5,59.4,194.7,262.7,83.1,89
31,7,10,80.9,70,174.1,221.2,80.5,92.7
32,7,10,76.3,73.5,173.1,280.4,83.8,80.4
33,7,10,73.3,68.4,190.7,293.1,75,83.9
34,7,10,71.1,76.4,182,200.6,74.3,84.3
35,7,10,71.4,70.1,167.2,230.5,87.5,77.3
36,8,10,74.8,69,193.5,182,77.7,95.4
37,8,10,80.4,71.2,167.7,204.6,84.8,88.6
38,8,10,72.9,74.7,148.9,235.5,83,90.8
39,8,10,73.7,70.3,168.5,210.3,77.7,78.6
40,8,10,75.6,71.1,187.6,243.7,76,85.2
41,9,10,71.5,74.5,171.8,211.8,81.4,95.7
42,9,10,73.7,77.4,192.3,214.6,77,78.5
43,9,10,67.4,67.7,181.8,203.2,70.7,98.9
44,9,10,78.6,75.3,159.5,223.5,82.6,94.2
45,9,10,69.1,78.4,221.5,206.6,73.2,86.1
46,10,10,64.5,78.9,182.7,209.3,82.2,97.2
47,10,10,69.5,67.6,181.1,212.9,82.6,85.2
48,10,10,82.8,74.8,188,230.5,80.6,97.4
49,10,10,73,79.8,174,247.1,77.3,82.7
50,10,10,82,77.4,147.6,199.1,81.7,89.3
1,1,11,82.3,76.2,133.9,211.3,77.1,94.3
2,1,11,79.9,73.8,178.7,205.9,80.9,95.7
3,1,11,75.7,74.3,188.9,199.4,85.9,96.3
4,1,11,72.8,74.6,180.2,194.9,69.5,91.2
5,1,11,70.3,67.7,179.5,223.5,80.8,73.6
6,2,11,83.7,70.6,172.6,182.6,80.8,95.4
7,2,11,74.3,80.4,198.8,219.5,85.6,96.7
8,2,11,77.6,67.9,195.8,211.6,81.9,90.2
9,2,11,73.4,79.3,156,238.7,74.3,85.3
10,2,11,70.8,75,201,257.7,86.7,89.4
11,3,11,72.7,86.1,190.1,193.6,66.9,88.7
12,3,11,80.1,64.2,164,233.7,76.1,81.9
13,3,11,75.1,81.5,171.9,241.3,79,100
14,3,11,67,71.5,156.2,244,79.4,84
15,3,11,75.6,74.6,177.3,263.3,79.2,85.6
16,4,11,89.5,83,172.3,222.8,84.7,89.5
17,4,11,71.6,76.3,188.3,227.5,75.3,84
18,4,11,78.2,81.2,158.5,225.7,80,91.5
19,4,11,79,84.7,185.5,228.3,79.8,85.3
20,4,11,79.4,81.3,178.5,221.1,82.5,90.4
21,5,11,74.4,80.3,175.9,222.4,78.3,92.7
22,5,11,71.3,75.8,139.5,234.7,72.2,86.4
23,5,11,71.3,73.7,176.8,221.4,85,85.2
24,5,11,68.5,74.7,184.8,185.1,84.6,90.6
25,5,11,77.3,78.1,178.1,211.2,78.8,96
26,6,11,72.6,76.7,207.3,237.7,74.7,88
27,6,11,66.9,74.8,194.1,235.9,82.2,88.2
28,6,11,79.6,76.2,149.7,188.3,80.6,95.8
29,6,11,70.6,79.4,182.9,235.4,87.1,96.4
30,6,11,76.7,78.1,175.7,221.3,91.7,90.4
31,7,11,85.4,73.8,159.9,232,84,84
32,7,11,73.9,83.3,173.6,217.9,80.7,94.2
33,7,11,77.8,71,204.7,216.7,83,83.9
34,7,11,80.1,71.8,162,228.9,76.4,90.1
35,7,11,72.8,73.4,220.7,242.5,78.4,88.9
36,8,11,78.4,73.8,190.4,205.8,76.9,96.6
37,8,11,83.9,76.4,164.5,187.4,77.4,93.7
38,8,11,77.2,79.4,186.5,223.2,82.1,90.5
39,8,11,74.8,80,123.2,229.9,74.4,83.9
40,8,11,71,71.6,185.6,190.4,73.9,89.7
41,9,11,75.3,74.7,187.8,236.2,83.7,88
42,9,11,76.9,76.3,160.8,228.9,80.1,88.8
43,9,11,76.7,74.2,189.6,243.1,79.7,85.6
44,9,11,74.5,76.2,186.7,161,79.4,90.4
45,9,11,68.5,77.3,168.6,248.2,81.8,89.2
46,10,11,85.6,64.6,141.2,191,73.1,92.3
47,10,11,81.3,68.3,133.6,196,79.8,94.6
48,10,11,84.5,73.9,163.8,216.5,83.4,94.9
49,10,11,74.6,84.5,200.2,225.3,76.8,87.1
50,10,11,70.1,82.1,169.1,199.9,84.5,89.9
1,1,12,77.2,72.4,163.7,260.5,87.7,85.3
2,1,12,79.1,63.4,216.9,215.9,80,91
3,1,12,76.3,75.4,148.7,234.6,80.7,86.3
4,1,12,78.9,61.1,150.9,195.4,70.2,100
5,1,12,65,75.6,200.4,213.8,77.5,97.5
6,2,12,77.7,78.7,179.2,205.4,79.5,92.9
7,2,12,73.3,87,152.1,232.2,76.4,92.1
8,2,12,72.2,78.7,179.7,237.6,81.2,82
9,2,12,78.3,72.4,197.7,200,87.4,88.3
10,2,12,70.7,80.1,175.4,235.4,80.6,99.6
11,3,12,71.6,78.4,158.5,236.3,80,88.3
12,3,12,72.3,64.9,202.7,241.9,78.8,98.9
13,3,12,82.5,74,165.1,225.4,82.8,91.9
14,3,12,79,73.1,188,221.2,81.9,94.6
15,3,12,71.6,78.7,154.3,273.9,81.7,85
16,4,12,65.1,70.8,136.9,180.8,80,91.7
17,4,12,84,75.8,167.8,184.3,84.7,88.5
18,4,12,71.7,75.6,200,196.4,80.6,100
19,4,12,73.8,83.7,168.4,252.7,84.8,78.9
20,4,12,85.3,81.2,181.5,191.2,80,84.3
21,5,12,83.4,64.5,181.6,222.7,80.3,100
22,5,12,70.6,72.6,166.7,190.9,83.2,87.8
23,5,12,73.8,76.8,176.1,236.3,80.7,93.2
24,5,12,83.9,74.8,221.1,222.7,72,90
25,5,12,70.3,81.2,194.8,196.2,78.6,92.3
26,6,12,67.7,71.8,169.9,223.8,77.8,87.7
27,6,12,63.3,80,191.5,182.6,79.4,91.7
28,6,12,75.7,64.2,169.9,236.4,75.8,89.7
29,6,12,69,70.3,196.9,234,82.5,84.5
30,6,12,69.6,69.7,177,240.2,79,87.8
31,7,12,80.3,82.1,188.5,161.4,75.6,90.1
32,7,12,74.3,73,165,249.4,85.7,78.9
33,7,12,73.3,79.7,233.1,180.7,75.3,75
34,7,12,81.9,82.3,207.9,192.2,82.6,82.9
35,7,12,63.9,74.6,168.8,229.6,82.1,95.3
36,8,12,74.4,72.9,178.4,222.2,85.5,91.7
37,8,12,86.7,65.2,176.1,190.8,84.7,93.6
38,8,12,76.5,76.4,175.7,204.3,77.1,81.7
39,8,12,77.2,80.1,187.5,198.1,75.9,90
40,8,12,87,77,181.8,190.2,84.7,88.9
41,9,12,62.3,63.3,168.8,260.7,84.6,87.2
42,9,12,74.5,82.4,155.4,187,80.3,79.3
43,9,12,85.5,83.4,193.7,203.9,79,91.7
44,9,12,73.4,73.1,191.9,213.5,77.5,89.7
45,9,12,77.7,69.9,173.7,245.8,79.7,94.1
46,10,12,60.7,75,169.3,231.2,80.9,84.3
47,10,12,80,75.8,193.7,208.4,75.6,100
48,10,12,74.1,76.1,181,274.2,88.3,87.9
49,10,12,74.3,71.9,171.5,232.6,79.1,93.8
50,10,12,73.2,71.9,203.3,205.3,73.2,87.4
1,1,13,77.4,76.6,180.6,172.5,80.5,88.4
2,1,13,78.3,73.1,193.3,242.5,79.9,88.3
3,1,13,77.3,79.4,180.3,195,87.8,88.9
4,1,13,73.7,66.8,165.4,256.7,81.6,76.7
5,1,13,72.7,69.3,155.9,214.8,76.5,86.1
6,2,13,75.2,73.3,167.8,215.7,78.5,88.1
7,2,13,78.4,75,214.8,236.5,84.7,78.4
8,2,13,68.6,77.7,204.1,209.3,76.9,93.7
9,2,13,72.5,76.4,149.7,216.9,84.6,82
10,2,13,80.3,74.4,202.9,237.9,84.3,87.2
11,3,13,72.9,80.1,205.2,230.9,80.5,80.1
12,3,13,76,81.6,163.4,182.9,83.3,96.3
13,3,13,70.7,70.1,139.9,174.6,81.3,89.8
14,3,13,71.9,75,155.2,234.2,76.2,88
15,3,13,69.2,65.7,212.4,228,77.5,87
16,4,13,72.2,70.5,180.5,221.7,86.7,77.8
17,4,13,70.4,73,166.9,251.7,77.1,89.7
18,4,13,85.7,71.7,177.9,271.1,82.1,95.9
19,4,13,71.1,81.7,187.1,215.6,76.8,89
20,4,13,75.4,77.6,212.7,236.5,79.4,82.5
21,5,13,82.8,67.5,153.2,232.4,77.5,81.9
22,5,13,74.2,72.7,188.7,206.3,81,93.1
23,5,13,73.4,74.6,193.9,219.3,82.8,93.3
24,5,13,67.9,89.2,151.3,194.9,77.8,93.5
25,5,13,78.5,68.5,182.1,217.8,73,90.4
26,6,13,85.1,77,145.8,244,83,79
27,6,13,74.3,63.7,148.1,238,78.8,91.1
28,6,13,80.2,81.5,177.2,206.6,77.6,85.5
29,6,13,68.7,78,169.1,205.7,81.3,88.5
30,6,13,76.4,69,182.5,196.5,79.1,85.5
31,7,13,63.3,79.1,155.5,177.3,80.3,90
32,7,13,81.1,75.1,201.5,232.2,72,89.9
33,7,13,79.9,76.5,196,184.4,83.6,88.4
34,7,13,76.7,76,130.3,306.1,68.3,83.5
35,7,13,68,87,172.9,235.2,75.6,86.3
36,8,13,81.1,80,196.5,211.7,79.1,82.6
37,8,13,79.8,80.2,202.7,243.4,82,98.6
38,8,13,68.9,73.8,173.9,240.9,76.3,79.9
39,8,13,79,81.1,161.9,233.5,79.1,87
40,8,13,73.4,68.6,198.3,259.9,85,86.2
41,9,13,66,71,179.6,171.9,73.3,95.5
42,9,13,81.4,73.8,160.8,174.8,78.5,90.7
43,9,13,74,73.9,206.3,235.4,79.3,78.8
44,9,13,77.8,69,181.1,256.5,73,84
45,9,13,74.6,64.3,185.2,195.3,91.6,90.8
46,10,13,78.4,84.8,194.3,249.6,86.6,95.9
47,10,13,74.6,78.8,194.4,232.3,82.9,89.6
48,10,13,72.8,71.9,182,148.9,80.7,77.9
49,10,13,71.1,68.9,182.5,208.6,88.6,96.6
50,10,13,83.6,74.2,223.1,205.1,80.2,78
1,1,14,75.7,67.6,209.2,192.3,81.3,93
2,1,14,74.6,72.5,175,237.2,73.6,86.1
3,1,14,72,79.5,169.7,182.9,82,88
4,1,14,77,74.6,220.2,226.3,81.7,100
5,1,14,80.5,75,211.9,226.3,74.1,90.1
6,2,14,72.5,73.7,141.1,182.9,82.3,76.5
7,2,14,72.8,66,164,177.1,77.7,90.5
8,2,14,82.6,77.5,178.3,195.4,81.7,90.5
9,2,14,72.1,82.8,218.4,236.6,81.7,90.3
10,2,14,68.9,73.3,171.1,199.1,73,86.3
11,3,14,75.5,83,209.9,252.1,80,94.1
12,3,14,75.4,71.5,171.2,219.7,85.2,98.6
13,3,14,70.5,73.2,175.9,215.7,81.2,79.6
14,3,14,79.1,76.2,198.9,260.6,81.1,81.5
15,3,14,73.9,74.3,175.3,224.2,77.6,81.6
16,4,14,80,71.3,193,212.3,84.7,84.1
17,4,14,80.1,86.8,176.3,250.4,85.5,90.9
18,4,14,76.7,90,152.3,174.4,86.8,87.1
19,4,14,76,71.6,194.7,193.9,79.4,95.5
20,4,14,81.8,84.6,157.8,196.3,73.6,91.8
21,5,14,68.5,85.6,161.6,216.4,83.4,94.3
22,5,14,76.9,69.1,178.5,231.3,83.7,90.6
23,5,14,72.2,71.7,178.7,211.5,77.1,83.1
24,5,14,75.6,67.7,160.3,219.1,78,89.1
25,5,14,67.1,75.3,183.8,207.5,75.4,90.8
26,6,14,74.9,72.9,198,231,69.3,91
27,6,14,81.8,83.3,167.5,222.4,82.8,83.7
28,6,14,83.3,72.9,137.3,278.4,73.4,82.2
29,6,14,72.5,80.4,201.9,258.4,79.9,94.1
30,6,14,79.5,83.5,188.6,221,84.2,94.4
31,7,14,83.4,67.3,168.2,227.7,72.3,83.6
32,7,14,73.8,77.3,181.9,218.1,76.3,92.8
33,7,14,80.4,83.6,193.4,198.2,86.3,93.5
34,7,14,75.9,71.3,188,200.4,79.2,100
35,7,14,66.3,68.2,206.5,235.9,78.7,81.1
36,8,14,68.1,84.2,202.4,205.5,85.9,81.1
37,8,14,86.1,62,172.8,187.5,79.1,92.8
38,8,14,70.3,77.3,223.7,202.5,82.7,88.9
39,8,14,82.9,82.6,188.1,294.8,72.3,85.3
40,8,14,67.7,74.5,194.2,220.9,79.2,100
41,9,14,68.4,66.1,196.3,216.6,76.6,97.2
42,9,14,66.9,69.5,191.6,251.9,79.1,90.9
43,9,14,74,80.5,150.5,220.9,80.6,86.1
44,9,14,68.9,62.5,191.3,215,72.3,95.9
45,9,14,85.7,78.2,155,227.8,78.4,94.1
46,10,14,81.1,72.1,217.2,227.1,79.6,81.7
47,10,14,72.3,80.2,192.6,207.6,76,93.1
48,10,14,73,71.8,203.4,236.1,76.5,95
49,10,14,62.9,75.6,192.3,200.4,80.9,84.6
50,10,14,61.8,77.1,179.7,235.2,82.4,87
1,1,15,71.7,74.2,139.7,201.3,78.9,92.8
2,1,15,73.2,79.1,156.7,199.5,79.2,87.8
3,1,15,73,73.4,156.2,226.4,72.3,99.6
4,1,15,81.6,73.4,210,209.2,84.9,75.8
5,1,15,71.5,83.1,220.8,231.7,74.3,97.2
6,2,15,62.7,74.3,184.9,227.6,70.9,87.1
7,2,15,80.9,70.4,195.3,256.5,80.6,99
8,2,15,72.9,77.7,191.3,189.9,77.7,83.6
9,2,15,70.3,78.5,191.4,221.4,82.9,93
10,2,15,86.7,79.7,171.4,224.5,79.9,99.8
11,3,15,84.6,72,187.5,223.8,80.7,81.1
12,3,15,77.6,63.9,183.7,225.4,81.7,84.2
13,3,15,69.4,69.6,147,243.8,83.6,85.1
14,3,15,74.6,84.2,169.2,242.5,75.8,92.8
15,3,15,81.1,74.9,157.7,238.6,76.8,97.4
16,4,15,78.1,65.5,172,219.7,76.8,82.1
17,4,15,67.4,61.5,183.4,203.1,85,96.7
18,4,15,75.8,79.4,168.2,232.7,80.2,81
19,4,15,77.6,63.7,188.4,244.9,91.4,89.1
20,4,15,86.9,71.9,229.2,221.6,76.8,89.1
21,5,15,69.8,72.4,184,240.8,71.7,89.6
22,5,15,68.8,84.7,154.4,202.7,83.9,100
23,5,15,79.2,74.2,177.3,205.2,87,94.4
24,5,15,78.2,76,154.4,178.8,69.7,88.2
25,5,15,58.1,78.7,209.6,239.8,75.6,92.2
26,6,15,81.4,71,175.2,237.5,86.5,93.7
27,6,15,78.8,83.4,200.9,192.6,72.5,96.1
28,6,15,86.8,66.6,179.4,205.1,73.1,83.9
29,6,15,73.6,82.7,159.5,201.3,84.9,81.6
30,6,15,81.4,89.7,188.2,170.1,79.9,94
31,7,15,74.7,78.8,161.7,242.2,84.7,92.3
32,7,15,62.8,72.4,164.5,172,82.7,85.2
33,7,15,75,71.4,220.6,257,77.8,91.6
34,7,15,74.5,64.2,170.2,212.9,72.7,94.6
35,7,15,81.3,68.4,179.6,225.7,74.7,88.2
36,8,15,88.9,74.9,177.6,215.9,78.1,81
37,8,15,82.5,72,154.3,209.9,63.7,96
38,8,15,76.8,79.8,197.4,252.7,75,88.8
39,8,15,74.4,72,208.5,258.5,84,90.5
40,8,15,74.2,78,195.9,220.8,88.4,85.6
41,9,15,80.9,65.4,161.7,244.5,84.6,87.5
42,9,15,71.9,76,188.7,232.7,79.3,86.3
43,9,15,83.4,73.7,192.4,198.7,89.3,100
44,9,15,67.1,77.6,170.7,218.6,83.5,96.2
45,9,15,78.2,73.9,174.7,191,80.1,81.7
46,10,15,71.2,77.7,157.7,262.8,72.1,100
47,10,15,84.5,79.9,171.8,211.9,84.2,91.3
48,10,15,75.4,66.3,168.7,199.5,83.8,87.8
49,10,15,77.1,90,157.5,206.3,81.1,98.5
50,10,15,73.1,76.4,167.4,227.5,85.7,92.9
1,1,16,85.7,80,154.9,187.2,81.4,97.1
2,1,16,72.7,81.1,159.2,228,75.9,88.3
3,1,16,68.9,73.1,171.7,230.4,82.5,98.7
4,1,16,77.6,67.8,175.4,180.5,81.9,96.8
5,1,16,78.6,72,192.3,252.4,75.8,91.8
6,2,16,81.8,63.8,189.5,254.3,81.3,72.5
7,2,16,72.8,77.5,186.4,184.8,87.3,96.1
8,2,16,69.8,78.3,190.6,236.7,90.2,87.7
9,2,16,71.4,83.2,145.7,225.3,81,83.7
10,2,16,74.5,65.5,180.5,227.3,82.7,91.3
11,3,16,74.5,78.1,183.1,224,74.1,92.1
12,3,16,75.1,74.3,197.8,200.8,83.5,100
13,3,16,68.7,78.8,179.7,237.6,83.9,81.7
14,3,16,78.8,66.9,175.3,234.8,76,75.1
15,3,16,63,70.4,162.2,203.2,80.5,100
16,4,16,71.5,79.9,208,292.4,81.4,82.6
17,4,16,72.9,80,173.7,248,79.8,81.5
18,4,16,82.6,83.5,157.9,170.1,81.4,92.2
19,4,16,80.3,67.9,177.3,181.9,73.6,80.5
20,4,16,73.3,81.1,164.5,166.8,78.7,96.4
21,5,16,66.9,78,188.5,234,78.9,84
22,5,16,73.9,75.5,200.3,200.5,76.7,85.6
23,5,16,67.8,86.3,213.1,227.3,78.5,90
24,5,16,78.5,79.8,199.2,196.8,79,89.6
25,5,16,77.8,68.6,135.9,207.7,84.1,84.6
26,6,16,59.4,73.7,209.3,182.8,76.8,88.6
27,6,16,72,68.1,176.6,161.7,87,90.3
28,6,16,74.8,73.8,168.1,147.8,85.7,87.3
29,6,16,77.9,65.7,186.8,219.5,84.4,97.2
30,6,16,73.7,68.8,145.5,223.5,76.2,99.9
31,7,16,78.1,66.7,162.6,210.5,78.2,100
32,7,16,73.8,86.8,191.8,195.8,73.2,99
33,7,16,67.9,64.7,174,262.6,82.3,83.7
34,7,16,88,71.1,219.7,189.3,78.3,80.5
35,7,16,71.4,72.6,203.4,238,85.4,86.6
36,8,16,71.4,77.4,218.9,226.7,74.9,87.3
37,8,16,74.2,70.3,158.6,244.6,77.8,94.1
38,8,16,84.8,74.2,175.4,195.5,76.5,85.6
39,8,16,76.2,72.2,170.1,244.5,82.9,83.4
40,8,16,69,84.8,202.1,244.5,80.1,96.8
41,9,16,68.4,72,168.9,190.5,69.2,89.2
42,9,16,73.5,79.2,168.6,232.1,83.3,89.9
43,9,16,80.4,61.2,194.3,243.7,69.6,90.5
44,9,16,72,73.2,205.7,221,78.4,87
45,9,16,72.8,74.8,181.2,256.7,75.3,85
46,10,16,77.7,75.9,175.4,179,88.2,88.5
47,10,16,63,69.2,182,193.3,92.1,89.8
48,10,16,75.6,80.1,172.5,212.8,84.1,85.8
49,10,16,79.6,72.4,204.9,245.9,88,89.2
50,10,16,87.4,70.4,186.1,231.9,76,95.8
1,1,17,78,62,158.4,247.6,83.2,85.9
2,1,17,70.8,70.6,164.3,208.3,78.2,96.5
3,1,17,68.6,75.4,187.4,245.6,76.3,83.6
4,1,17,73,63.1,166.2,224.8,76.6,96.4
5,1,17,65.3,79.3,188.4,209.5,86.2,92.5
6,2,17,66.2,80,182.7,239.6,84.5,100
7,2,17,81.3,86.4,158.7,168,76.6,100
8,2,17,73.6,78.8,188.5,161.7,77.8,98.4
9,2,17,84.9,64.8,187.1,221.3,77.8,84.8
10,2,17,76.3,77.9,158.6,203.6,80.5,91.5
11,3,17,81.5,80.2,181.5,257.8,83,80.7
12,3,17,65,82.9,166.7,220.3,84.2,97.2
13,3,17,72.4,81.7,162.1,204.2,80,100
14,3,17,83,73.8,166.4,232.3,80.5,86.1
15,3,17,72.4,68.8,197.4,232.4,86.3,82.1
16,4,17,69,76.2,201.9,185,79.3,99.3
17,4,17,74.6,73.3,186.3,224.9,85.3,81.9
18,4,17,70.7,73,200.8,207.6,72.9,93.2
19,4,17,62.7,80.7,167.1,213.9,81.6,86.5
20,4,17,67.1,74.8,183.5,228.2,84.7,89.9
21,5,17,76.1,71.8,202.8,177.9,83.1,91.6
22,5,17,80.8,76.6,203.3,218.8,76.6,86.8
23,5,17,80.2,80.2,187.4,218.6,82.9,88.6
24,5,17,73.2,81.3,175.1,226.8,87,87.2
25,5,17,80,84.4,170.2,237.8,82.8,86.4
26,6,17,72.3,72.8,182.5,191.8,74.8,86.5
27,6,17,70,77.8,180.2,210.9,91.4,87.9
28,6,17,61.5,74.2,224.7,254.3,69.7,82.8
29,6,17,73.1,81.5,145.9,229.7,75.5,83.5
30,6,17,74.4,81.2,176.5,182.8,72.9,84.1
31,7,17,78.7,71.4,172.6,250,87.7,90.1
32,7,17,78.2,66.4,187,206.1,93.7,91.3
33,7,17,67.1,81.3,175.7,229.9,69,87.2
34,7,17,76.7,87.3,175.3,211.9,72,88.6
35,7,17,79.7,78.5,167.9,221.4,72.8,91.9
36,8,17,66.2,74.6,199.8,198.6,87.2,89.4
37,8,17,77.9,67.5,139.9,228.2,80.1,87.1
38,8,17,81.5,77.7,141.9,238.7,86.9,84.6
39,8,17,89.9,76.6,193.9,204.5,84.2,95.8
40,8,17,75.9,77.9,191,215.1,84.9,93.6
41,9,17,70.2,74,190.6,249.2,67.2,85.7
42,9,17,69,88.7,172.6,242.9,85,80.3
43,9,17,65.1,69.7,175.8,238.1,85.2,94.9
44,9,17,85.5,78.3,172.8,216.9,72.4,82.8
45,9,17,68.8,81.2,173.2,226.8,81.2,89.1
46,10,17,77.6,78.3,178.4,201.2,75.9,98.6
47,10,17,71.1,67.1,151.3,209.1,81.7,92.7
48,10,17,76.7,75.3,182.5,192.8,84.5,86.8
49,10,17,67.3,81.9,198.3,247.3,78.6,88.8
50,10,17,88.2,79.4,182.9,204.2,81.2,96.9
1,1,18,63.2,66.1,183.5,251.6,83.5,88.1
2,1,18,73.8,79.8,204.3,251.3,85.1,85.3
3,1,18,76.8,81.4,181.8,238.2,80,92.6
4,1,18,81.9,72.9,152.7,207.6,76,87.7
5,1,18,74.7,70.5,170.1,252.9,83.5,86.2
6,2,18,79.4,66.3,170.2,200,84.4,90.2
7,2,18,68.7,75.7,202.9,243.9,89.1,92.5
8,2,18,73.8,63.2,168.1,209.6,64.3,86.8
9,2,18,74.7,73.3,182.1,224.6,78.3,83.3
10,2,18,70.6,77.4,170.9,222.9,80.1,82.2
11,3,18,78.8,83.2,185.2,224,86.9,95.7
12,3,18,79.4,79,163.5,202,83,96.9
13,3,18,77,87.8,180.9,242.7,78.1,82.3
14,3,18,75,78.8,163,191,82.1,89.5
15,3,18,75.7,80.7,217.4,195.3,74.9,97.5
16,4,18,75.9,76.2,190.7,230.8,82.5,97.1
17,4,18,68,78.9,158,236.3,78.7,89.6
18,4,18,72.3,74.8,230.9,257.1,80.5,97.3
19,4,18,65.2,73.3,154.2,209.9,82.1,89.8
20,4,18,73.6,71,138.8,247.7,84,87.8
21,5,18,76,73.2,170.7,206.1,88.4,89.7
22,5,18,74.4,76.3,161.2,220.9,84.1,91.6
23,5,18,80.2,69.5,192.5,210.7,80.1,84.7
24,5,18,75.5,74.9,177.4,246.1,73,99.3
25,5,18,73.3,68.8,182.9,238,83.5,87
26,6,18,70.9,81.6,209.1,164.3,80.8,92.2
27,6,18,76.6,68.8,188.3,236.7,77.8,91.6
28,6,18,75.2,81.4,121.6,205,82.8,89.1
29,6,18,62.5,70.5,184.9,278.1,70,91.6
30,6,18,74.5,74.4,185.7,216.7,80.5,84
31,7,18,74.4,82.3,170.3,204.7,80.2,87.5
32,7,18,78.7,87.1,177.2,192.2,75.7,80.3
33,7,18,71.4,71.3,185.1,227.7,81.6,96.8
34,7,18,74.1,71.6,189.6,273.4,85.9,90.8
35,7,18,84.1,79.9,179.7,245.3,83.1,86.3
36,8,18,72.9,78.6,204.5,168.1,79.5,92.1
37,8,18,69.2,68.5,145.8,236.3,83.6,97.6
38,8,18,71.3,68.1,174.3,251.4,80.8,89.7
39,8,18,77.6,78.8,176.9,228.1,87.7,86.4
40,8,18,76.4,85.3,176.9,198.8,76.6,100
41,9,18,75.5,76.7,188.3,210.5,80.7,90.8
42,9,18,68.8,72.2,199.6,233.9,82.8,92.3
43,9,18,76.4,76.3,192,198.3,76.2,93.3
44,9,18,75.3,65.7,168.4,222.5,82.6,90.2
45,9,18,71.5,69.6,220.5,246.7,76.1,80.6
46,10,18,81.2,73.4,165.3,233.1,75.1,83.9
47,10,18,66.4,62.9,187.2,219.4,83.4,89.7
48,10,18,70.5,74.5,197.9,234.5,85.7,83.3
49,10,18,83.9,73.5,205.5,258.9,82.6,94
50,10,18,75.9,78.3,161.8,238.1,83.3,94.3
1,1,19,79.2,68,186.6,232.5,86.9,86.1
2,1,19,67.4,83.5,176.2,180.7,77.2,99.9
3,1,19,77.7,77.6,193.9,225.5,79.5,82.2
4,1,19,81,78.9,222.5,217.9,84,88
5,1,19,78.1,72.1,189.8,183.4,81.4,82.2
6,2,19,86.5,73.7,198,203.6,91.2,97.6
7,2,19,67.4,81.8,180.7,182.2,84.9,70.3
8,2,19,81.7,74.1,155,224.5,82.5,79.7
9,2,19,75.7,75.4,130.6,219.4,77,89.8
10,2,19,71.6,58.8,202.2,269.3,74.8,94.5
11,3,19,74.3,79.6,187.5,237.1,75.8,94.9
12,3,19,77.3,77.6,169.6,225.5,78.9,82.7
13,3,19,62.9,77.2,189.2,210.1,86.6,93.7
14,3,19,81.1,85.6,214,241,75.7,91.5
15,3,19,69.6,80.5,177.5,212.6,79.5,90.7
16,4,19,74.9,74.7,181.4,265.8,79.8,94.6
17,4,19,71.2,72.3,151.4,236.8,85.1,81.2
18,4,19,89.4,77.7,166.5,248,72.2,98.6
19,4,19,83.6,62,186.8,206.9,77.8,97.8
20,4,19,73.7,80.5,166.9,239.2,76,99.1
21,5,19,77.2,75.5,209.1,206.9,75.5,83.9
22,5,19,70.8,72.7,176.3,243.4,84.4,93.4
23,5,19,67.8,67.5,189.5,224.4,82.4,89
24,5,19,80.8,70.5,215.7,224.2,74.5,83.6
25,5,19,78,76,164.3,209.1,87,86.9
26,6,19,67.7,76.3,187,213.7,91.2,82.8
27,6,19,75.9,74.2,192.5,228,82.6,95.1
28,6,19,76.2,68,209.8,234.8,78.1,86.8
29,6,19,74.5,67.3,148.6,235.4,74.1,91.1
30,6,19,83.6,75.9,191.8,214,77.9,85.1
31,7,19,74.5,61.5,166,215.8,89.3,86.9
32,7,19,78.7,72.9,188,191,82.2,99.4
33,7,19,79.8,75.7,151.6,206.6,81.6,94.4
34,7,19,60,70,187.7,210.3,78.6,88.2
35,7,19,73.8,69.6,175,209.3,76.6,85.8
36,8,19,75.9,76.3,173.7,196.9,86.1,94.8
37,8,19,73.9,76.5,165.1,228.3,81.8,84.2
38,8,19,80,73.5,199.8,250.6,77.8,100
39,8,19,76.1,73,187.4,216,84.9,89
40,8,19,77.1,77.7,158.2,223.5,83,90.7
41,9,19,73.1,81.5,196.1,237.7,80.2,100
42,9,19,74.9,73,173.9,193.6,88.7,100
43,9,19,84.9,83.7,151.7,220.9,84.7,81.5
44,9,19,77,67.5,200.8,182.2,83.9,96.7
45,9,19,77.1,81.9,144.3,229.7,74.8,91.1
46,10,19,77.9,71.1,152.3,235.8,76.9,89.8
47,10,19,83.4,78,163.7,201.8,82.2,84.8
48,10,19,69.9,70.6,217.9,253.9,81.4,81.5
49,10,19,77.3,72.1,171.5,218.5,76.4,95.3
50,10,19,69.8,73.3,191.8,143.9,98.6,88.8
1,1,20,72.2,65.5,173.6,209,76.1,89
2,1,20,88,70.3,164.9,240.5,79.8,89
3,1,20,75.3,83.6,198.8,237.3,79.3,85
4,1,20,78.3,85.6,182.3,214.8,87.3,92.1
5,1,20,76.8,77.6,170,203.9,88.6,93.8
6,2,20,66.3,72.4,201.6,208.4,76.8,89
7,2,20,90,79.6,196.4,214.4,86.4,93.9
8,2,20,75.5,75.7,146.4,185.6,73.7,96.5
9,2,20,76.5,78.5,179.2,192.5,86.2,98.5
10,2,20,67.1,77.2,213,195.6,76.9,97
11,3,20,65.8,77.5,182.7,232.1,81.5,100
12,3,20,73.4,82.1,156.6,175.4,79.2,89.6
13,3,20,76.3,69.8,169.9,229.5,80.3,98
14,3,20,67.9,77.6,199.8,233.6,72.2,91.5
15,3,20,77,67.2,182.1,239.9,77.6,90.2
16,4,20,64.3,71.9,169,204.7,82.4,87.8
17,4,20,74.8,71.4,217.8,187.9,68.5,96.7
18,4,20,75.1,85.1,178.2,185,90,91.3
19,4,20,81.3,73.9,198.4,151.2,76.5,96.7
20,4,20,75.9,83.3,194.6,246.3,77.6,88.4
21,5,20,78.3,75.1,162.7,207.3,74.4,90.1
22,5,20,73.3,68.2,194.6,214.2,74.4,100
23,5,20,78.8,72.8,191.4,200.7,77.8,83.5
24,5,20,66.3,74.6,168.4,195.1,78,97.3
25,5,20,68.1,75.9,201.2,255.7,78.4,88.3
26,6,20,84.3,77.6,173,255.8,76.6,91.9
27,6,20,78.8,80.6,204.1,210.9,90.3,93.6
28,6,20,74.1,71.7,200.2,225.6,73.4,100
29,6,20,82.1,82.9,175.4,263.3,77.5,86.4
30,6,20,81.8,82.3,173.7,244.3,82,83.1
31,7,20,81.1,64.3,174.9,253.7,81.7,87.8
32,7,20,64.8,83.1,161.9,209.7,71.4,91.9
33,7,20,63.3,85.3,143.3,203.1,82.1,93.2
34,7,20,65.6,78.9,185,235.3,79,96.6
35,7,20,76.7,75.8,160.6,224.8,74.8,92.1
36,8,20,84.7,76.4,177.4,172.4,73.8,86.9
37,8,20,82.3,74.3,160.5,216.3,81.1,96.1
38,8,20,74.7,72.5,187.5,217.2,74.1,87.9
39,8,20,66.9,72.5,156.9,170.4,87.2,84.6
40,8,20,65.3,75,170.2,177.3,83.3,90.1
41,9,20,75.9,77.7,205.1,256.8,78.3,95.3
42,9,20,74.2,80.3,178.8,251.3,83.1,93.6
43,9,20,83.5,71.4,184.3,283.1,77.8,95.2
44,9,20,73.9,74.3,202.3,208,69.2,100
45,9,20,72.3,72.5,177.9,217.3,79.5,95.5
46,10,20,73.5,75.4,216.8,228.2,75,86.9
47,10,20,73.9,80,206.3,210.4,86.3,89.5
48,10,20,82.2,73.5,211.6,232.2,75.3,83.9
49,10,20,83,70.7,150.7,201.1,84.2,85.4
50,10,20,76,67.7,207.8,248.2,87.9,87.9
1,1,21,68.6,77.5,147.8,209.4,79.2,100
2,1,21,82.2,71.1,195.8,254.8,80.5,86.1
3,1,21,80.5,75,196.6,195.5,78.3,86.5
4,1,21,76.4,74.8,168.1,239.4,84,91
5,1,21,75.6,70.9,185.8,186.2,88.1,88.8
6,2,21,79.2,73.7,132.5,235.1,75.1,100
7,2,21,72.5,68,184.4,186.3,68.8,91.3
8,2,21,79.5,79.3,170.9,220.2,84.1,97
9,2,21,82.4,68,168.3,224.3,83,86.2
10,2,21,73.9,62,202.3,233.8,78,94.3
11,3,21,71.9,69.8,193.1,218.9,78.6,82.9
12,3,21,75.7,70.4,198.4,227.1,83.1,91.1
13,3,21,82.4,81.1,159.6,243.2,78.1,88.1
14,3,21,70.7,74.9,193.5,230.1,74.9,90.7
15,3,21,77.5,77.5,161,200.9,87.1,90.4
16,4,21,75.2,70.1,176.5,199.5,79.4,97.1
17,4,21,79,64.7,188,169.3,74.7,89
18,4,21,84.8,73.1,185.6,183.1,78.2,91
19,4,21,77.6,83.5,178.4,205.3,72.7,94.9
20,4,21,85.3,80.3,190.1,186.1,88.7,86
21,5,21,71.4,73.8,148.1,246.6,79.5,93.5
22,5,21,81.7,76.5,197.3,177.5,73.8,82.2
23,5,21,89.6,83,206.7,199.9,86.2,89.9
24,5,21,70.3,86.6,220.5,209.6,79.7,89.9
25,5,21,74.2,75.7,171.1,220.7,85.9,89.7
26,6,21,66.5,67.6,194.5,195.5,72.5,96.1
27,6,21,72.6,80.2,195.5,221.3,75.6,87.6
28,6,21,78.4,83.9,194.7,247.4,78.8,96.6
29,6,21,82.1,81.9,144.9,201.8,80,91.3
30,6,21,80,76.3,165.9,203.9,81.4,100
31,7,21,79.3,82.8,148.3,218,79.1,91
32,7,21,77.2,63,176,243.8,91,88.3
33,7,21,63.7,73.5,216.1,202.1,86.1,88.1
34,7,21,74.5,77.6,190.4,196.5,87.5,100
35,7,21,64.5,74.7,173.9,220.8,87.3,93
36,8,21,80.5,81.7,161.5,235.9,81.8,96.6
37,8,21,78.2,73.2,157,165,87.6,84.6
38,8,21,76.8,76.2,185.4,237.3,83.6,96.8
39,8,21,75,71.3,188.4,214,78.2,93.3
40,8,21,76.3,61.5,162.6,208.2,81.4,86.3
41,9,21,88.8,81.1,195.4,242.5,84.2,93.9
42,9,21,59.7,82.7,187.1,188.1,81.6,100
43,9,21,77.5,76.7,117.4,201.2,84.3,83.9
44,9,21,77.8,66.5,193.6,211.5,89.2,86.7
45,9,21,78.1,70.7,203.6,238.8,75.5,89.2
46,10,21,80.5,76.2,209.6,263.6,81,92
47,10,21,71.9,77,161.5,192.5,73.8,97.3
48,10,21,71.7,68.5,199.2,197.2,80.7,96.5
49,10,21,69.3,73.7,190.2,256.8,73.3,95.2
50,10,21,71.1,78.8,180.3,225,68.1,86.5
1,1,22,73.7,69,167.4,205.8,82.1,89.6
2,1,22,68.3,78.9,206.9,154.8,79.1,85.8
3,1,22,87.3,81.8,173.5,191.5,89.6,84.9
4,1,22,71.2,84,201.6,218.3,81.1,91.4
5,1,22,71.2,64.8,166.3,227.7,84.5,90
6,2,22,73.4,83.8,202.5,219,81.6,84.6
7,2,22,76.8,74,197.4,175.1,79.2,79.7
8,2,22,72,67.9,193.7,236.8,72.3,86.4
9,2,22,71.9,79.8,162.3,208.6,79.5,86.2
10,2,22,77.5,79,171.5,193.2,76,83.1
11,3,22,72.1,79.4,173.3,206.6,79.7,95.7
12,3,22,75.8,79.4,136.4,204.1,77.7,81.8
13,3,22,87.2,80.4,167.8,229.8,75.3,90.9
14,3,22,84.1,73.2,181.5,221.4,70,98.3
15,3,22,74.8,68.3,206.3,241.3,89.6,92.7
16,4,22,76.1,80.1,189.4,221.2,84.8,82.7
17,4,22,65.1,73.7,172.1,275.1,80.7,73.8
18,4,22,66.4,80.1,234.2,221.5,81.8,92.6
19,4,22,79.3,78.9,195.1,251.7,72.9,92.8
20,4,22,73,71.9,188.2,215.8,72.9,94
21,5,22,69,72.2,141.1,257.2,79.7,88.8
22,5,22,78.3,62.4,169.4,203.6,74.6,96.7
23,5,22,71.7,76.8,178.9,254.3,77.4,89.2
24,5,22,76.9,77.9,151.8,247.3,80.5,77.9
25,5,22,63.4,73.7,171.4,203.7,78.7,85.2
26,6,22,76.9,84,170.8,227.9,79.3,89
27,6,22,80.4,69.9,152.4,223.9,80.2,82.9
28,6,22,81.1,83.2,182.9,197.4,79.1,93
29,6,22,70.3,73.5,167.2,176.4,87.5,88.8
30,6,22,73.3,69.9,152.6,203.4,86.5,74.9
31,7,22,80.9,70.1,182.2,220.6,85.1,84.8
32,7,22,80.8,80.7,160,197,83.6,94.3
33,7,22,71.1,84.3,168.5,198.2,75.2,89.7
34,7,22,76.2,79.5,219.9,258.5,75.7,86.5
35,7,22,70.1,82.2,166.9,193.1,80.5,96.9
36,8,22,75.9,69.1,188.1,266.8,78.4,87.8
37,8,22,77.7,61.1,219.8,204.8,79.7,95.9
38,8,22,76.6,77.1,200.9,166.6,77.2,88.5
39,8,22,73.7,83.9,206.1,212.1,85.8,92.2
40,8,22,76.9,67.7,174,216.1,85.5,82.8
41,9,22,68.3,71.8,158.4,250.4,86,92.8
42,9,22,81.2,71,176.4,208,84.2,89.1
43,9,22,79.3,69.2,186.2,215.8,78.9,94.3
44,9,22,69.3,63.1,184.4,234.2,86.2,89.3
45,9,22,73,73.8,163.3,192.4,75.7,80.2
46,10,22,79.8,73.9,151.9,261.9,81.7,84.2
47,10,22,90,68.6,138.8,238.7,75.2,93.4
48,10,22,76.8,68.7,141.9,260.4,71.2,83.7
49,10,22,76,84.9,192.4,181.2,79.7,84.3
50,10,22,83.7,83.6,192.5,209.9,80.1,95.6
1,1,23,68.8,62,168.8,206.9,84.1,89.8
2,1,23,72.6,76.1,166.1,236.2,84,91.1
3,1,23,72.1,80.3,153.4,189.6,87.5,91.4
4,1,23,83.2,75.5,158,215.5,79.7,97.9
5,1,23,69.9,82.6,195.8,230.5,74.1,85.1
6,2,23,65.6,71.5,144.4,196.4,71.6,95
7,2,23,78.8,82.8,180.4,208.9,72.7,89.2
8,2,23,76.3,72,175.2,174.4,78.7,99.9
9,2,23,69,76.8,184.8,255.9,74.3,89.8
10,2,23,76.9,72.3,186.4,228.8,83.8,98.7
11,3,23,75.3,78,202.6,211.6,84.9,88.7
12,3,23,76.3,71.5,169.4,243.5,79.3,88.8
13,3,23,82.8,73.6,166.7,203.7,81.3,83.5
14,3,23,77.3,77.5,194.7,188.2,80.6,100
15,3,23,60.2,68.7,194.5,232.6,82.5,90.6
16,4,23,76,66.4,199.4,252.5,81.6,78
17,4,23,72.9,89.9,174.4,225.8,77.4,88.6
18,4,23,73.9,62.4,133.4,196.2,82.2,96.5
19,4,23,80.5,70.1,224.6,208.3,78.7,85.1
20,4,23,77.2,72.2,170.7,218.3,80.9,99
21,5,23,81.2,56.7,202.1,197,83.8,100
22,5,23,82.4,66.5,162.4,204.2,79.9,95.3
23,5,23,80.1,70.8,184.9,198,94.3,88.5
24,5,23,72.3,62.7,206.4,233,80.9,86.7
25,5,23,82.1,77.7,203.8,221.9,85.8,76.6
26,6,23,80.1,76,213.7,231,85.9,87.7
27,6,23,70,72.7,172.8,201.2,91.5,95.2
28,6,23,71.9,82,165.8,190.3,86,86.6
29,6,23,65.7,79.6,164.5,242.2,83.2,95.4
30,6,23,77.2,72.2,165.4,170.7,83,81.5
31,7,23,89.3,82.5,192.6,197.5,82.6,99.1
32,7,23,82.7,80.3,156.3,223,77.4,82.5
33,7,23,77.4,68.4,170.8,206.5,87,83.3
34,7,23,76.7,73.3,198.6,231.7,72.3,95.1
35,7,23,75.3,81.5,197.1,250,81.7,96.4
36,8,23,66.7,83.7,185.3,191.4,89.8,81
37,8,23,68.8,67.1,215,185.5,74.7,89.3
38,8,23,90,74.3,176.6,231.1,80.5,91.9
39,8,23,74.9,60,215.9,217.8,73.2,87.3
40,8,23,66.5,73.1,169.5,183.9,79.3,88.2
41,9,23,73.2,73.2,183.1,164.8,85,88.7
42,9,23,76.5,79,165.3,228.3,79.3,88.4
43,9,23,67.8,68.9,212,255.1,76.9,82.8
44,9,23,81.9,79.7,211.9,225.2,73.7,100
45,9,23,74.4,77.3,177.2,184.2,82.5,88.5
46,10,23,69.4,75.2,142.3,183.5,78.2,82.7
47,10,23,74.7,84.4,183.5,275.2,80.4,92.4
48,10,23,74.7,63.5,198.9,215.9,85.8,88.1
49,10,23,74.4,76.8,230.8,216,85.6,95
50,10,23,70.2,83.3,185,231.9,81,86.4
1,1,24,70.6,71.2,175.9,232.1,78.3,93.1
2,1,24,72.2,78.3,171.1,210.9,79.8,100
3,1,24,61.1,78.7,174.4,221.1,75.6,88.1
4,1,24,71.4,75.7,194.5,279.3,88.1,91.4
5,1,24,68.9,77.2,193.8,185.8,87.2,86.7
6,2,24,65.9,70.3,173.1,182.2,86.1,89.9
7,2,24,72.1,80.3,202.3,236.2,83.8,86
8,2,24,73.1,68.6,155.9,197.8,82,89
9,2,24,85.1,76.6,197,206.8,81.6,84.1
10,2,24,70.3,70.8,182,194,88.8,88.2
11,3,24,82.8,78.8,179.2,171.3,81.4,91.3
12,3,24,84.8,75,151.2,170.7,79.5,94.7
13,3,24,79.5,65.7,150.1,240.5,81.9,90
14,3,24,62.7,80.9,193.2,223.8,82.9,100
15,3,24,90,78.2,133.4,255.8,80.3,84.8
16,4,24,68.7,77.6,174.1,211.4,73.4,71.8
17,4,24,79.5,80.9,195.7,229.4,66.7,91.3
18,4,24,77.3,72,169.7,230.1,73.5,91
19,4,24,59,65.7,218.7,204.5,86.3,94.9
20,4,24,73.6,83.3,143.1,238,81.4,84.1
21,5,24,79.5,86.2,186.1,233.5,79.4,99.4
22,5,24,75.8,68.5,186.9,196.7,79.9,96.6
23,5,24,70.3,80.3,219.4,227.9,79.2,96.7
24,5,24,83.2,83.5,186.5,239.7,78.6,96.9
25,5,24,86.2,68.8,196.7,195.2,73.7,100
26,6,24,76.1,69.9,182.9,226,78.6,87.9
27,6,24,73,69.1,186,221.4,75.4,83.7
28,6,24,73.2,85,202.1,246.6,92,100
29,6,24,89.7,69.8,191.1,179.3,83.4,81.9
30,6,24,77.4,79.1,177.6,235.5,85.7,85.4
31,7,24,79,74,154.3,221.7,77.2,93.6
32,7,24,73.7,67.4,173.4,214.9,81.3,90
33,7,24,69.5,80.6,160.1,204.4,75.2,90.2
34,7,24,79.9,81.7,183.9,202.1,76.9,96.7
35,7,24,76.8,73.1,174.2,190.9,81,86.1
36,8,24,69.8,77.1,181.8,197.9,86.5,94.3
37,8,24,71.4,74.2,231.3,210.5,77.5,90.2
38,8,24,67.9,70.4,173.1,217.3,86,100
39,8,24,71.5,74,156.3,206.7,83.1,78.2
40,8,24,80.7,79.3,176.1,224.6,70,86.4
41,9,24,71.9,81.5,172,188.2,79.1,80
42,9,24,89.5,71.6,171.7,227,83.7,96.9
43,9,24,76.8,70.3,210.8,192.2,73.9,89.8
44,9,24,78.5,80.4,159.8,201,76,87.6
45,9,24,70.6,73.8,218.9,204.2,85.4,82.2
46,10,24,66.6,77.5,174.5,209.6,84.1,84.3
47,10,24,72.3,72.8,147.4,209.4,79.7,89.3
48,10,24,69.3,80.9,195.1,224.5,82.5,93.1
49,10,24,79.6,77.9,214.4,235.1,86.7,86.8
50,10,24,77.2,80.2,189.2,189.4,84.1,91.2
