"GPU_Unique_ID","Rack_ID","Time_Period","Is_Failing","Average_GPU_Temperature","Peak_GPU_Temperature","Average_GPU_Power_Usage","Peak_GPU_Power_Usage","Average_GPU_Memory_Usage","Peak_GPU_Memory_Usage"
1,1,1,FALSE,70.5,77,177.9,187.7,84.8,81.2
2,1,1,FALSE,82,65.7,165.9,191,76.3,96.1
3,1,1,FALSE,78.7,85.6,181.3,210.7,90.8,86.9
4,1,1,FALSE,76.4,82,138.6,161.9,83.5,84
5,1,1,FALSE,80.5,87.1,196.9,212.2,84,98.5
6,2,1,TRUE,83.7,98.9,211.6,234.8,88,100
7,2,1,TRUE,88.4,97.1,150.5,225.2,91.3,93.6
8,2,1,TRUE,85.3,98.4,169.5,318,91.1,95.5
9,2,1,TRUE,95,99.9,188.7,296.5,94.2,92.9
10,2,1,TRUE,78.6,91.2,175.1,277.8,83.1,100
11,3,1,TRUE,79.3,90.8,224.4,293.5,82.6,99.2
12,3,1,TRUE,76.2,99.9,198.6,254.4,81.4,88.7
13,3,1,TRUE,90.3,100,208.5,291.7,86,100
14,3,1,TRUE,88.5,96.3,189.5,291.2,93.7,97.3
15,3,1,TRUE,84.5,94.1,207.3,236.3,92.5,97.9
16,4,1,FALSE,78.2,89.4,155.5,205.5,72.5,87.6
17,4,1,FALSE,71.9,71.1,189.8,220.2,87,89.4
18,4,1,FALSE,80.4,89.2,204.5,243.6,80.3,94.1
19,4,1,FALSE,72.7,72.7,179.7,242,76.4,86.3
20,4,1,FALSE,63.4,83.6,186.1,202.5,66.9,89.3
21,5,1,FALSE,82.6,86.5,186.6,212.8,81.1,91.6
22,5,1,FALSE,83.3,78.9,167.1,268.7,80.1,93.7
23,5,1,FALSE,65.9,79.1,144.9,270.4,86.5,98.8
24,5,1,FALSE,84.1,73.9,206.4,199.5,81.2,88.1
25,5,1,FALSE,74.1,74.2,181.6,197.2,81.8,96.5
26,6,1,FALSE,82.5,67.6,190,195.3,80.2,100
27,6,1,FALSE,85.1,80.1,150.1,202.8,82.5,88.9
28,6,1,FALSE,83.8,81.9,174.9,202.8,77.1,98.2
29,6,1,FALSE,81.4,79.6,201.9,242.5,74.9,86
30,6,1,FALSE,79.4,85.1,158.7,225.4,84.8,99.8
31,7,1,FALSE,75.1,77.5,205.6,225.7,84.7,99
32,7,1,FALSE,73.2,78.6,161.3,193.8,82.7,89.3
33,7,1,FALSE,70.4,76.5,166.2,199.5,83.3,85
34,7,1,FALSE,75.5,65.3,131.9,225.7,90.1,94.9
35,7,1,FALSE,79.1,75.1,182.4,159.5,77.9,94.7
36,8,1,FALSE,73.1,85.2,140.3,214,81.8,91.6
37,8,1,FALSE,77.2,82.9,208.6,200.5,74.2,91.8
38,8,1,FALSE,76.1,85.3,166.4,239.3,82.5,88
39,8,1,FALSE,70.3,79,169.7,237.8,80,92.6
40,8,1,FALSE,63.2,84,201,184.9,76.4,94.5
41,9,1,FALSE,73.4,73.5,111.7,221,84.7,86.7
42,9,1,FALSE,81,88.3,206.2,211.9,81.8,97.3
43,9,1,FALSE,77.3,72.3,179,220.8,69.2,93
44,9,1,FALSE,81.7,79.8,191.5,155.9,86.4,78.4
45,9,1,FALSE,76.9,81.1,165,175,77.4,93
46,10,1,TRUE,76.5,97.5,191.1,242.3,93.7,92.8
47,10,1,TRUE,85.4,94,177.5,278.7,85.2,100
48,10,1,TRUE,84.5,93.9,251.1,234.8,89.2,98.3
49,10,1,TRUE,85.6,94.9,194.8,300.6,95.1,100
50,10,1,TRUE,81.1,100,194.4,293.7,86.1,100
1,1,2,FALSE,78.8,83.8,192.1,272.5,83.9,91.5
2,1,2,FALSE,77.4,80.5,187.5,280,89.9,79.5
3,1,2,FALSE,77.6,83.6,165.2,218.9,76,91.4
4,1,2,FALSE,75.3,79.2,174.9,233.6,74.4,92.3
5,1,2,FALSE,70.5,74.4,162.5,226.8,81.4,88
6,2,2,TRUE,94.2,89.3,197.7,235.6,91.8,92.7
7,2,2,TRUE,95.5,97,216.5,254.3,87.5,98.2
8,2,2,TRUE,84.8,92.5,229.8,244.3,82.1,90.5
9,2,2,TRUE,88,92.6,250.6,260.1,99.4,100
10,2,2,TRUE,82.1,99.6,187.9,232.5,89.4,100
11,3,2,TRUE,84.1,97.9,190.3,266.1,100,100
12,3,2,TRUE,83.1,95.2,204.2,236.7,97.7,95.6
13,3,2,TRUE,90.7,92.7,254.9,289.7,87.7,97.6
14,3,2,TRUE,84.5,100,243.7,261,91.8,100
15,3,2,TRUE,88.1,93.1,215.9,179.6,89.6,95.1
16,4,2,FALSE,71.9,81.2,147,206.4,82.2,91.5
17,4,2,FALSE,85.6,86.5,180.8,235.7,81.4,96.6
18,4,2,FALSE,77.9,67.9,170.4,227.7,81.9,92.6
19,4,2,FALSE,83.2,86.5,180,196.4,74.5,86.5
20,4,2,FALSE,81.1,88.7,200.4,247,83,87.4
21,5,2,FALSE,70.1,69.5,194.6,155.2,79.2,95.5
22,5,2,FALSE,81,75.9,211.4,221.2,78,77.1
23,5,2,FALSE,77.6,83,162,192.1,90.3,92.6
24,5,2,FALSE,77.6,83.6,177.9,163.9,73.6,98.4
25,5,2,FALSE,76.5,81.8,200.5,205.1,81,98.1
26,6,2,FALSE,84.5,73.3,177.3,288.3,88.3,87.6
27,6,2,FALSE,74.1,87.8,174.7,253,69.9,76
28,6,2,FALSE,88.6,83.2,189.5,291.4,82.2,76.8
29,6,2,FALSE,89.5,93.7,178.9,251.7,71.5,90.9
30,6,2,FALSE,84.2,88.6,201.6,222.6,77.2,95.1
31,7,2,FALSE,73.9,74,159.2,214.6,67.4,87.6
32,7,2,FALSE,72.5,81,186.6,221.8,79.3,82.4
33,7,2,FALSE,73.7,85.4,187.1,209.1,86.2,86.1
34,7,2,FALSE,76.5,83,185.7,251.4,82.3,95.9
35,7,2,FALSE,75.8,82.8,140.4,238.9,78,95.4
36,8,2,FALSE,78.4,79.5,188.1,175.1,75.7,93.7
37,8,2,FALSE,62.6,84.6,173.4,198.9,70.4,89
38,8,2,FALSE,68.7,82.9,180.5,241,76.8,97.2
39,8,2,FALSE,72.7,84.4,200,246.5,73.4,83.7
40,8,2,FALSE,80.7,80.3,163.6,219,76.7,94.6
41,9,2,FALSE,76.3,81.4,175.8,206.3,82.1,81.5
42,9,2,FALSE,71.3,80.7,196.9,247.1,84.8,98.5
43,9,2,FALSE,71.5,73,185,193.5,74.7,77.9
44,9,2,FALSE,72.5,86.4,194.4,213.9,81.2,98
45,9,2,FALSE,74.8,75.5,170.5,220.8,72.1,88.8
46,10,2,TRUE,88.3,91.5,217.4,292.7,90.4,98.8
47,10,2,TRUE,78.4,90.3,207.9,314.1,88.8,98
48,10,2,TRUE,87.3,98.9,266.1,229.4,89.8,96.7
49,10,2,TRUE,83.3,95.4,233.6,250.9,85.8,100
50,10,2,TRUE,85.6,90.3,228,263.3,91.6,94.8
1,1,3,FALSE,81.6,85.7,167.8,215.5,84.6,92.8
2,1,3,FALSE,77.2,74.7,176.3,253.1,80.6,93.3
3,1,3,FALSE,77.3,79.4,199.8,216.6,81.4,100
4,1,3,FALSE,80.7,76,189.5,222.2,84.2,96.2
5,1,3,FALSE,73.1,79.7,175,221,71.7,85.4
6,2,3,TRUE,81.7,93.2,227.1,221.3,94.3,97.5
7,2,3,TRUE,78.6,86.7,182.4,238.2,100,92.2
8,2,3,TRUE,95.6,95.7,246.5,313.8,86.9,95.6
9,2,3,TRUE,78.7,93.4,206.8,257.6,93.2,100
10,2,3,TRUE,88.1,96.4,195.5,250.4,96.2,96.1
11,3,3,TRUE,94.5,92.2,216.6,257.6,87.6,100
12,3,3,TRUE,85.4,87.2,201.8,271.1,87.1,89.6
13,3,3,TRUE,82.1,92.2,205.6,281.4,91.9,98.6
14,3,3,TRUE,78.7,96.3,182.3,242.5,89.4,100
15,3,3,TRUE,89.8,93.5,190,266.9,87.8,96.4
16,4,3,FALSE,68.1,76.1,192.5,231.2,87.6,89.7
17,4,3,FALSE,79,82.8,173.9,221.8,86.8,90.2
18,4,3,FALSE,71.5,73.8,202.2,210.1,82.5,78.2
19,4,3,FALSE,81.7,78,172.1,197.7,80,89.3
20,4,3,FALSE,75,70.6,208.1,213.4,79.6,90.9
21,5,3,FALSE,78.8,77.7,200.9,210.8,81.7,83.7
22,5,3,FALSE,82.7,72.5,213.3,241.4,84.8,94.4
23,5,3,FALSE,80.4,88.7,159.1,224.1,75.3,88.1
24,5,3,FALSE,76.2,81.3,181.3,185.9,86.7,89.2
25,5,3,FALSE,72,78,175.9,244.8,79.7,84.3
26,6,3,FALSE,76.9,78,192,202,66.8,82.2
27,6,3,FALSE,81.7,75.2,179.2,209.4,74.8,91.5
28,6,3,FALSE,72.3,84.3,206.7,253.4,75.1,91.3
29,6,3,FALSE,63.2,82.1,159.7,188.5,86,87.4
30,6,3,FALSE,72.3,85.5,149.2,243.3,80.6,92.9
31,7,3,FALSE,82.8,81.4,184.5,207.9,73.1,91.5
32,7,3,FALSE,91.9,86.4,170.4,270.9,77.8,89.7
33,7,3,FALSE,84.4,86.8,202.3,195.5,75.9,99.5
34,7,3,FALSE,76.7,78.1,173.5,217.2,72.4,87.9
35,7,3,FALSE,81.7,89.5,188.9,219.7,83.8,88.4
36,8,3,FALSE,71.9,68.9,158.5,213.8,78.3,93.6
37,8,3,FALSE,71.4,81.5,200.2,200.8,82.2,90.5
38,8,3,FALSE,72.2,79.5,177.5,203.8,78.8,82.3
39,8,3,FALSE,77,79.4,170.7,212.1,81.7,93
40,8,3,FALSE,65,80.5,165.2,235.5,71.5,84.8
41,9,3,FALSE,72.8,79.7,183.8,209.2,86.5,87.2
42,9,3,FALSE,77,80.3,204.2,224.3,81.9,82.9
43,9,3,FALSE,85.8,83.4,180.9,179.8,79.4,81.1
44,9,3,FALSE,79.6,99.4,210.4,229.4,70.3,85.5
45,9,3,FALSE,69.8,76.4,177.9,255.9,70.3,95.9
46,10,3,TRUE,79.9,96.9,235,288.2,92.1,100
47,10,3,TRUE,85.8,100,203.2,226.8,89.8,95
48,10,3,TRUE,80.1,89.5,230.9,255.2,96.3,100
49,10,3,TRUE,86.4,88,203.2,268.9,90.9,96.5
50,10,3,TRUE,81.5,91.9,167.6,226.5,94.4,99.3
1,1,4,FALSE,69.1,79.6,181.7,184.9,91,88.2
2,1,4,FALSE,69.9,86.6,177,240.9,77.8,82.9
3,1,4,FALSE,82.7,77.5,155.4,168.9,84.1,92.8
4,1,4,FALSE,74.3,81.5,203.3,210.3,79.5,94.8
5,1,4,FALSE,68.1,85.1,149.2,219.9,82.4,89.5
6,2,4,TRUE,86.2,98.8,197.9,206.1,90,97.6
7,2,4,TRUE,88.9,95.8,233.1,285.7,88.4,95.5
8,2,4,TRUE,81.3,92.7,167.5,246,93,96.4
9,2,4,TRUE,81.9,89.2,241.9,280.7,84.1,100
10,2,4,TRUE,90.5,100,195.1,247.1,85.3,98.4
11,3,4,TRUE,84.5,94.4,214.2,269.5,100,99
12,3,4,TRUE,89.2,95,217.2,241.3,91,95.1
13,3,4,TRUE,95,92.8,224.5,313.9,95.2,96
14,3,4,TRUE,93.4,100,171.3,238.4,87.9,100
15,3,4,TRUE,93.4,94.1,233.2,258.9,93.3,100
16,4,4,FALSE,80.5,74,178.7,229.9,77.4,99.2
17,4,4,FALSE,62.1,67,205.5,225.2,70.3,92
18,4,4,FALSE,71.8,80.6,208,221.3,78.3,84.3
19,4,4,FALSE,69.6,79.8,168.2,253.1,77.7,80.1
20,4,4,FALSE,78.4,82.4,160.6,212.8,84.1,93.7
21,5,4,FALSE,70.1,74,165.4,259.3,81.6,84.5
22,5,4,FALSE,68.6,78.1,192.5,179.5,77.8,93.7
23,5,4,FALSE,69.1,78.1,212.8,183.6,75.6,87.3
24,5,4,FALSE,71.1,78.1,202,257.3,83.2,79.2
25,5,4,FALSE,76.7,81.2,199.1,270.4,71.8,85.3
26,6,4,FALSE,77.3,75.8,143,253.3,78.6,93.8
27,6,4,FALSE,75.4,79.3,181.7,218.6,89.8,93.2
28,6,4,FALSE,79.6,82.5,160.3,193.3,76.8,100
29,6,4,FALSE,76.6,77.9,179.8,211.1,87.7,86.8
30,6,4,FALSE,74.8,82.3,182.8,235.5,89.1,84.4
31,7,4,FALSE,76.1,84.1,146.2,262.4,81.4,89.4
32,7,4,FALSE,75.8,80.2,190.2,264,80.9,96.4
33,7,4,FALSE,68.2,80.1,183,248.6,80.3,83.5
34,7,4,FALSE,78.2,78.4,154.8,215,74.5,91.8
35,7,4,FALSE,87.4,87.6,154.2,237.4,74.1,87.2
36,8,4,FALSE,74.6,89,178.5,198.1,77.2,83
37,8,4,FALSE,78.5,82.7,169,228,81.2,100
38,8,4,FALSE,73.3,78.6,218.8,210.8,84.5,100
39,8,4,FALSE,71.7,83.9,196.3,217.8,79.5,89.5
40,8,4,FALSE,61.8,86.9,154.4,228.2,78.9,84.2
41,9,4,FALSE,75.7,80.2,178.6,227.2,69.4,84.5
42,9,4,FALSE,75.1,78.5,194.9,232.6,80.6,97.6
43,9,4,FALSE,79,77.2,195.8,251.5,75.3,86.7
44,9,4,FALSE,76.3,82.9,236.5,206.2,85.3,89.3
45,9,4,FALSE,70.4,82.5,181.2,264.5,79.3,87.2
46,10,4,TRUE,80.5,92.4,185.7,292.9,87.2,99.3
47,10,4,TRUE,81.9,94.1,190,264.4,88,97.9
48,10,4,TRUE,79.9,100,169.5,256.4,87.6,95.7
49,10,4,TRUE,79.1,88.7,230.9,272.2,83.7,99.6
50,10,4,TRUE,84.8,100,198.8,268.2,84.3,96.6
1,1,5,FALSE,81.6,63.9,211.6,193.9,93.8,87.5
2,1,5,FALSE,86.7,87.1,177.7,208.7,82.6,95.7
3,1,5,FALSE,69,79.2,160.4,217.8,79.2,77.8
4,1,5,FALSE,74.6,79.6,168.6,242.7,82,77.1
5,1,5,FALSE,77.1,77.5,150.3,195.6,92.9,86.3
6,2,5,TRUE,85.4,92,195.9,248.7,92.4,92.8
7,2,5,TRUE,88.8,97.5,148.7,293.5,82,97.3
8,2,5,TRUE,79.5,98.6,164.7,272.8,91.4,99
9,2,5,TRUE,79.1,98,214.5,328.9,86.5,98.5
10,2,5,TRUE,88.5,89.1,181.9,264.7,93.1,100
11,3,5,TRUE,78.2,91.1,151.4,238.6,85.3,98.3
12,3,5,TRUE,89.8,90.2,221.7,294,98.1,99.4
13,3,5,TRUE,85.3,97.8,223.3,227.5,87.6,100
14,3,5,TRUE,89.6,92.4,208.3,182.5,93.9,94.1
15,3,5,TRUE,85.3,99.9,200.5,220.9,100,100
16,4,5,FALSE,76.4,88.4,168.1,221.6,92.7,89.8
17,4,5,FALSE,75.8,83.7,208.8,188.1,76.7,88.4
18,4,5,FALSE,65.4,84.2,154.7,194.2,89.8,86.8
19,4,5,FALSE,77.6,88.3,198.5,238.2,84.9,89.3
20,4,5,FALSE,65.1,79.1,210.4,216.7,78.8,96
21,5,5,FALSE,60.2,97.8,179.7,211.4,77.5,89.6
22,5,5,FALSE,90.5,80.3,197.8,165.6,87,92
23,5,5,FALSE,74.7,84,165.8,207.5,84.3,97.1
24,5,5,FALSE,78.4,81.5,186.4,192.1,83.1,85.1
25,5,5,FALSE,69.4,88,194.6,211.7,93.8,88.3
26,6,5,FALSE,73.5,88.1,184.8,189.5,79,81.4
27,6,5,FALSE,73,80.6,176.6,204.9,79.6,96.4
28,6,5,FALSE,75,81.8,194.9,207.3,91.1,86.5
29,6,5,FALSE,78.9,76.2,201.5,216.3,86.6,98.9
30,6,5,FALSE,84.8,83.3,168.1,228.9,80.8,90.9
31,7,5,FALSE,75.6,71,197.8,210.3,68.9,98.2
32,7,5,FALSE,77.8,79.2,178.6,211.1,74.7,89.8
33,7,5,FALSE,80.7,99.6,164,198.1,77,91.3
34,7,5,FALSE,72.2,70.1,174,211.4,77.7,87.9
35,7,5,FALSE,75.8,81.8,167.8,242.2,76.8,92.6
36,8,5,FALSE,74.9,65.1,185.5,186.9,77.8,90
37,8,5,FALSE,73.2,73,207.7,239,71.1,87
38,8,5,FALSE,70.9,79.1,205.4,182.8,75,97.6
39,8,5,FALSE,75.7,72.6,175.2,218,83.2,96.9
40,8,5,FALSE,70.4,87.7,197.2,185.1,81.2,97.9
41,9,5,FALSE,71,81.3,184,236.4,79.3,85.7
42,9,5,FALSE,72,70.4,164.8,245.4,69.3,95.3
43,9,5,FALSE,72.8,82.5,172.6,258.6,81.4,88
44,9,5,FALSE,68.7,83.7,177.7,219.2,84.6,84.7
45,9,5,FALSE,68.6,85.1,172.2,281.6,71,90.8
46,10,5,TRUE,89.6,94.4,235,252,79.1,99
47,10,5,TRUE,89.8,93.9,238.2,303.5,86.8,98.1
48,10,5,TRUE,81.5,95,228.7,260.1,87.3,98.3
49,10,5,TRUE,80.8,95.7,186.6,273.3,91.9,93.2
50,10,5,TRUE,82.7,100,250.8,288.7,92.1,98.9
1,1,6,FALSE,72.1,89.8,170.7,170,77.8,100
2,1,6,FALSE,74,66.8,210.9,261.8,72.9,89
3,1,6,FALSE,68.4,78.6,171.7,265.1,78.1,94.6
4,1,6,FALSE,72.1,78,182.6,220.5,72.1,98.2
5,1,6,FALSE,77.5,77.8,145.1,223.6,72.6,93.2
6,2,6,TRUE,80.2,96.4,203.6,245.6,89.5,97.2
7,2,6,TRUE,86.7,98.4,206.7,186.2,87.2,94.5
8,2,6,TRUE,85.2,92.5,238.6,275.7,87.8,96.3
9,2,6,TRUE,96,100,197.6,276.3,100,99.2
10,2,6,TRUE,83.2,97,205.3,247.9,88.6,99.4
11,3,6,TRUE,81.7,95.2,257.4,316.3,92.7,97.2
12,3,6,TRUE,88.4,91.1,213.6,249.5,93.3,100
13,3,6,TRUE,94.3,84.8,229.6,245.2,90.6,95.7
14,3,6,TRUE,86.2,100,221.7,268.1,98.7,100
15,3,6,TRUE,84.7,85.7,234.6,264.1,90,94.3
16,4,6,FALSE,73.6,95.6,184.5,174.4,81.2,85.6
17,4,6,FALSE,72.3,66.2,200.8,215.3,69.7,71.9
18,4,6,FALSE,75,76.7,197.3,240.3,82.4,94.9
19,4,6,FALSE,67.6,91.1,177.1,212.4,81.9,100
20,4,6,FALSE,71,81.7,195.3,159.1,74.1,91.3
21,5,6,FALSE,66.9,77,195.8,258.8,79.2,100
22,5,6,FALSE,68.2,83.4,159.7,244,78.1,89.7
23,5,6,FALSE,79.9,83.4,198,235.7,79.4,93.5
24,5,6,FALSE,68.6,80.5,186.6,219.4,84,93
25,5,6,FALSE,76.2,83,204.2,221.2,76.7,84.1
26,6,6,FALSE,75.3,79.6,177,255,83.9,88.1
27,6,6,FALSE,64,84.7,143.4,213.6,78.7,85.6
28,6,6,FALSE,83.8,79.4,179.4,217.2,89.7,85.4
29,6,6,FALSE,74.7,90.1,181.6,224,77.5,84.6
30,6,6,FALSE,73,80.9,164.6,245.6,76.4,93.7
31,7,6,FALSE,79.2,70.2,162.5,281.4,78.3,86.8
32,7,6,FALSE,73,86.6,194.1,201.6,74.3,83.3
33,7,6,FALSE,77.7,80,178.5,217.1,81.4,80.1
34,7,6,FALSE,71.9,79.8,183.8,214.9,84.1,84.5
35,7,6,FALSE,71.8,82,175.2,204.5,84.1,97.7
36,8,6,FALSE,70.7,75.8,150,192.7,79,94.3
37,8,6,FALSE,70.2,79.6,176.7,188,88,78.9
38,8,6,FALSE,69.2,79.6,181.5,219.4,75.6,96.9
39,8,6,FALSE,74.7,83.6,152,218.7,75.2,92.6
40,8,6,FALSE,76,76.4,170.8,230.5,79.8,91.4
41,9,6,FALSE,77.2,77.6,171,209.8,78,87.9
42,9,6,FALSE,72.9,68.7,174.9,213.5,85,97.4
43,9,6,FALSE,79.2,87.1,161.6,250.7,81.6,92.5
44,9,6,FALSE,70,71.8,206.6,228.3,86.5,93.4
45,9,6,FALSE,77.6,82.3,189.6,206.1,79.5,90.1
46,10,6,TRUE,82.7,98.4,193.8,294.5,94.7,95.9
47,10,6,TRUE,97.1,93.9,210.6,251.2,90.3,99.5
48,10,6,TRUE,81.2,91.9,196.5,329.5,94.2,100
49,10,6,TRUE,87.6,90.9,216.5,214.9,91.6,100
50,10,6,TRUE,88,95.8,218.6,277.5,94.8,95.2
1,1,7,FALSE,76.8,75.5,156.8,214.9,71.4,96.1
2,1,7,FALSE,64.1,85.5,168.9,224.5,77.9,93.5
3,1,7,FALSE,78.6,81.2,174.4,266.2,81.7,78.4
4,1,7,FALSE,74.2,75.9,212.6,234.4,79.8,81.7
5,1,7,FALSE,78.9,82.6,180.5,231.4,77.1,99.9
6,2,7,TRUE,84.6,91.4,191,302.5,91.7,95.3
7,2,7,TRUE,80,91.1,183.7,242.6,94.8,98.9
8,2,7,TRUE,86.6,100,243.7,224.7,85.3,100
9,2,7,TRUE,91.6,91.3,238.2,294.8,87.7,100
10,2,7,TRUE,85.3,96.2,184,221.1,80.2,100
11,3,7,TRUE,87.4,97,176.7,315.8,86.8,98.3
12,3,7,TRUE,78,90.9,225,249.2,90.3,98.8
13,3,7,TRUE,78.2,96,220.4,288.9,82.2,97.9
14,3,7,TRUE,91.1,97.4,213.9,255.7,97.3,100
15,3,7,TRUE,76.2,92.2,169.3,222.9,73,99.7
16,4,7,FALSE,75.4,73.7,166.1,192.1,81.3,78.5
17,4,7,FALSE,68.2,77.3,191.9,217.3,82.8,87
18,4,7,FALSE,80.4,74.8,177.8,235.8,74.4,87.8
19,4,7,FALSE,72.1,79.7,211.2,235,74.9,76.9
20,4,7,FALSE,72.3,73.8,194.1,291.9,77.7,100
21,5,7,FALSE,75.8,86.9,168.1,202.9,82.8,93.1
22,5,7,FALSE,79.5,74.7,217.3,222.5,80.2,91.2
23,5,7,FALSE,73.5,79.3,192.1,183.8,84.8,85.1
24,5,7,FALSE,65.1,75,174.8,211.5,80.6,83.7
25,5,7,FALSE,81.6,76.2,206.7,176.3,79.2,83.5
26,6,7,FALSE,66.6,82.1,207.7,228.3,75.1,93.6
27,6,7,FALSE,68.4,78.6,154.5,227.5,79.4,80.3
28,6,7,FALSE,78.3,82.7,208.4,201.3,76.1,94.2
29,6,7,FALSE,65.7,72.7,186.1,188.4,85.9,100
30,6,7,FALSE,59.4,90.3,176.8,228.2,82.9,92.7
31,7,7,FALSE,70,80.3,188.9,226.2,76.9,92.4
32,7,7,FALSE,73.5,94.5,147.9,266.2,85.5,80.3
33,7,7,FALSE,68.4,97.5,159.8,253.8,87.5,81.1
34,7,7,FALSE,76.4,75.3,160.9,170.7,81.6,91.7
35,7,7,FALSE,70.1,82.5,137.6,260.8,80.6,75
36,8,7,FALSE,69,70.9,198,209.5,83.7,88.1
37,8,7,FALSE,71.2,76.3,175.3,235.5,76.6,81.8
38,8,7,FALSE,74.7,83.7,182.7,196.8,80.3,96.8
39,8,7,FALSE,70.3,77.7,142.1,214.8,88.4,83.5
40,8,7,FALSE,71.1,85.7,164,206.1,78.4,82.8
41,9,7,FALSE,74.5,78,199,231.6,78.1,85.1
42,9,7,FALSE,77.4,78.7,141.8,212.1,72.2,92.1
43,9,7,FALSE,67.7,76,209.6,195.5,71.9,90.6
44,9,7,FALSE,75.3,80.8,193.9,210.4,79.2,88
45,9,7,FALSE,78.4,76.8,166.9,243.8,74.9,92.1
46,10,7,TRUE,76.3,95.5,220.8,313.5,90.4,100
47,10,7,TRUE,80.4,95.2,223,274.3,97.1,97.8
48,10,7,TRUE,91.5,96.6,213.2,214.9,88,99
49,10,7,TRUE,83.3,93.8,196.3,280.6,82.6,99.7
50,10,7,TRUE,90.8,88.5,218.6,247.8,89.9,95.7
1,1,8,FALSE,76.2,77.9,194.5,224.7,82.7,79.8
2,1,8,FALSE,73.8,76.6,199.1,247.1,75.9,90.5
3,1,8,FALSE,74.3,75.1,201.1,182.4,84.1,78.8
4,1,8,FALSE,74.6,74,184,209.5,81,96.5
5,1,8,FALSE,67.7,80.8,125.2,220.9,85.7,82.5
6,2,8,TRUE,92.2,93.5,213.8,211.2,82.8,98.7
7,2,8,TRUE,84.4,98.8,238.2,202.9,86.2,94.8
8,2,8,TRUE,87.2,98.2,219.3,237.9,88.7,97.8
9,2,8,TRUE,83.7,90.2,181.3,235.2,86.1,100
10,2,8,TRUE,81.5,99.2,243.6,268.4,89.7,100
11,3,8,TRUE,83.1,97,144.4,236.1,95.3,96.9
12,3,8,TRUE,89.2,91.8,190.5,258.1,91.3,95.6
13,3,8,TRUE,85.1,93.4,205.2,242.5,79.4,95.9
14,3,8,TRUE,78.3,90.2,207,293.1,87.7,94.3
15,3,8,TRUE,85.5,94.5,205.9,234.9,85.2,91.5
16,4,8,FALSE,83,80.7,178.4,163.4,82.1,97.1
17,4,8,FALSE,76.3,81.8,160,211,84,81.1
18,4,8,FALSE,81.2,81.4,184.9,252.1,67.9,88.8
19,4,8,FALSE,84.7,82,164.3,265.3,77.6,93.9
20,4,8,FALSE,81.3,80.3,181.5,226.4,78.9,90.8
21,5,8,FALSE,80.3,80.6,189.1,238.5,82.4,95.1
22,5,8,FALSE,75.8,83.5,168.1,260.5,77.1,85.2
23,5,8,FALSE,73.7,80.3,164.1,192.6,84,94.4
24,5,8,FALSE,74.7,71.6,182,262.2,83.3,85.1
25,5,8,FALSE,78.1,77.9,200,288.9,76.6,93.3
26,6,8,FALSE,76.7,84.2,173.4,199.5,77.9,85.7
27,6,8,FALSE,74.8,83.8,174.1,196.5,77.4,100
28,6,8,FALSE,76.2,72.4,199.2,242,83.8,96.5
29,6,8,FALSE,79.4,83.7,201.2,224,78.6,90.4
30,6,8,FALSE,78.1,80.3,181.2,199.4,76,86.1
31,7,8,FALSE,73.8,82.9,160.1,221,82.3,98.3
32,7,8,FALSE,83.3,79.5,194.1,257.3,85.7,100
33,7,8,FALSE,71,79.2,159.8,209.2,86.2,79.9
34,7,8,FALSE,71.8,82.1,180.4,216.2,79.1,83.8
35,7,8,FALSE,73.4,85.4,176.3,271.6,92.4,97.4
36,8,8,FALSE,73.8,76.6,201.9,211,74.9,94.1
37,8,8,FALSE,76.4,72.2,192.4,230,77.5,90
38,8,8,FALSE,79.4,80.8,181.6,185.3,73.5,100
39,8,8,FALSE,80,82.4,159.8,201,81.8,90.4
40,8,8,FALSE,71.6,72.9,179.1,220.2,83.2,96.5
41,9,8,FALSE,74.7,83.9,173.2,174.5,85.2,82.7
42,9,8,FALSE,76.3,82.1,176,246,73.1,76.2
43,9,8,FALSE,74.2,85.5,165.2,210.9,78.7,89.7
44,9,8,FALSE,76.2,65.8,181.4,254.5,79.7,90.2
45,9,8,FALSE,77.3,86.8,177.3,255.4,85.1,91.6
46,10,8,TRUE,93.8,87.2,175.3,265,86,95.6
47,10,8,TRUE,90.3,85.7,208.9,282.9,96.7,94.2
48,10,8,TRUE,92.9,91.8,226.9,232.5,92.5,96.4
49,10,8,TRUE,84.7,99,193.8,295.6,88.2,99.5
50,10,8,TRUE,80.9,92.8,232.4,330.8,86,98.2
1,1,9,FALSE,72.4,89.7,164.3,203.9,76.3,88.1
2,1,9,FALSE,63.4,79,183.3,205.6,67.4,82.5
3,1,9,FALSE,75.4,83.5,167.5,220.8,74.1,87.1
4,1,9,FALSE,61.1,74.1,217.5,204.1,89,95.9
5,1,9,FALSE,75.6,78.5,205.1,210.7,80.8,80.3
6,2,9,TRUE,87.3,94.8,207.6,264.8,90.3,100
7,2,9,TRUE,83.6,89.4,191.8,315.1,89.7,97.7
8,2,9,TRUE,82.7,94.9,216.1,316,94.5,99.2
9,2,9,TRUE,87.7,98.5,247,262.2,87.7,99.4
10,2,9,TRUE,81.4,94.1,213.1,282.9,91.7,95.6
11,3,9,TRUE,82.2,90.7,210,203.4,86.9,93.8
12,3,9,TRUE,82.8,99.5,204,300.9,87.4,99
13,3,9,TRUE,91.2,92,224.1,222.5,80.6,100
14,3,9,TRUE,88.3,96.6,219.5,245.7,89.5,94.3
15,3,9,TRUE,82.1,89.9,218.6,302,88.9,89.6
16,4,9,FALSE,70.8,70.6,185.7,189.5,85.4,88.3
17,4,9,FALSE,75.8,71.4,175,209.9,76,90.1
18,4,9,FALSE,75.6,74.3,215.1,195,80.5,92
19,4,9,FALSE,83.7,87.9,143.1,224.7,79.8,91.9
20,4,9,FALSE,81.2,73.1,160.9,236.8,76.1,88
21,5,9,FALSE,64.5,80.7,214.9,211.3,75.2,100
22,5,9,FALSE,72.6,73,172.8,246.1,83.1,84.1
23,5,9,FALSE,76.8,83.9,190.8,211.2,79.9,94
24,5,9,FALSE,74.8,80.6,180.1,223.6,80.5,99.2
25,5,9,FALSE,81.2,74.3,187.8,219.2,83.5,91.6
26,6,9,FALSE,71.8,80.9,172.2,227.7,76.9,96.6
27,6,9,FALSE,80,71,185.5,243.6,84.7,79.5
28,6,9,FALSE,64.2,83.9,179.1,226.2,76.1,85.7
29,6,9,FALSE,70.3,83.4,161.7,232.9,81.6,89.6
30,6,9,FALSE,69.7,84.8,172.6,211.4,79.2,83.2
31,7,9,FALSE,82.1,65.9,180.3,234.4,80.1,94.6
32,7,9,FALSE,73,87.1,143.1,178.8,79,77.9
33,7,9,FALSE,79.7,70.6,129.9,201.9,81.3,90.8
34,7,9,FALSE,82.3,73.3,156.4,277.4,75.3,91.6
35,7,9,FALSE,74.6,82.3,197.7,223.9,81.2,87.2
36,8,9,FALSE,72.9,80.5,185.5,248.8,77.7,92.2
37,8,9,FALSE,65.2,73,192.1,225.8,77.6,90.4
38,8,9,FALSE,76.4,76.2,152.4,191,79.9,85.7
39,8,9,FALSE,80.1,74.7,180.1,224.7,75.3,78.3
40,8,9,FALSE,77,72.8,176.2,251.2,93.7,80.6
41,9,9,FALSE,63.3,89.8,170.8,201.5,73,88.5
42,9,9,FALSE,82.4,72.1,144.4,177.6,82.4,81.2
43,9,9,FALSE,83.4,76.1,185.8,268.5,84.5,93.9
44,9,9,FALSE,73.1,78.5,178.9,267,86.7,88.5
45,9,9,FALSE,69.9,86.2,193.5,200.8,83.8,93.9
46,10,9,TRUE,73.1,92.9,214.3,265.6,85.4,100
47,10,9,TRUE,89.1,97.7,187.9,253.7,83.2,100
48,10,9,TRUE,84.2,95.2,251.5,235.3,95.1,96.9
49,10,9,TRUE,84.4,93.3,205.4,321.7,93.5,97.5
50,10,9,TRUE,83.5,99.7,175.9,254.4,89,93.6
1,1,10,FALSE,76.6,68.6,174.6,215.8,81.9,88.4
2,1,10,FALSE,73.1,85.4,174.4,240.3,82.4,91.1
3,1,10,FALSE,79.4,74,176.4,168,79.2,96.9
4,1,10,FALSE,66.8,88.8,135.7,247.6,85.1,80.2
5,1,10,FALSE,69.3,78.7,167,234.1,82.2,91
6,2,10,TRUE,85.2,92.6,202.6,247.2,89,95.8
7,2,10,TRUE,87.8,100,233.4,264.2,88,98.8
8,2,10,TRUE,79.7,99.8,194.5,259.3,87.2,99.5
9,2,10,TRUE,82.9,88.9,232.9,245.2,100,98.6
10,2,10,TRUE,89.4,99.6,231.5,310.1,88.9,99.6
11,3,10,TRUE,83.3,100,212.7,318.6,89.9,97
12,3,10,TRUE,85.9,91.7,226.3,278.3,94.5,98.6
13,3,10,TRUE,81.4,87,216.3,270.5,86,98.8
14,3,10,TRUE,82.4,90,190.8,290.3,87.6,100
15,3,10,TRUE,80.1,100,197.7,168.3,82.2,95.1
16,4,10,FALSE,70.5,80.4,139.2,266.2,75,81.6
17,4,10,FALSE,73,87.6,179.1,220.3,84.8,90.8
18,4,10,FALSE,71.7,92.3,199.6,213.5,84,89.5
19,4,10,FALSE,81.7,79,176.8,209.9,81.4,100
20,4,10,FALSE,77.6,84,155,205.1,84.3,94.5
21,5,10,FALSE,67.5,83,153.1,242.7,87.5,82.1
22,5,10,FALSE,72.7,76.7,190.2,164.5,83.5,94.4
23,5,10,FALSE,74.6,79.8,191.1,206.4,75.8,85.9
24,5,10,FALSE,89.2,74,191.5,270.7,85.5,84.3
25,5,10,FALSE,68.5,79.5,181.2,237.8,82.5,90.3
26,6,10,FALSE,77,85.8,143.2,248.3,81.6,80.1
27,6,10,FALSE,63.7,84.3,183.8,190.7,78.8,99.4
28,6,10,FALSE,81.5,76.8,164.9,259.7,78,96.4
29,6,10,FALSE,78,76.6,175,259.9,74.7,82.8
30,6,10,FALSE,69,74.4,165,203,84.2,94.2
31,7,10,FALSE,79.1,69.8,179.9,238.3,84.7,94.6
32,7,10,FALSE,75.1,82.9,179.6,190.6,86.4,85.8
33,7,10,FALSE,76.5,71.5,174.8,225.4,79.4,87.7
34,7,10,FALSE,76,100,158.4,216.7,83.6,93.2
35,7,10,FALSE,87,83.6,167.5,214.1,76.6,86.7
36,8,10,FALSE,80,78,155.3,275.3,87.1,80.5
37,8,10,FALSE,80.2,85.6,208.8,225.1,67.1,84.3
38,8,10,FALSE,73.8,85,146.3,216.9,72.2,99.7
39,8,10,FALSE,81.1,83.2,170.1,205,80.3,82
40,8,10,FALSE,68.6,89.6,167.3,228.4,68.4,94.9
41,9,10,FALSE,71,68.4,198.5,227,80.6,86.5
42,9,10,FALSE,73.8,69.2,182.2,229.4,82.1,95.8
43,9,10,FALSE,73.9,83.7,142.8,238.8,81.9,94.3
44,9,10,FALSE,69,88.8,160.1,240.3,82.9,82.1
45,9,10,FALSE,64.3,74.1,182.6,234.6,77.2,93.9
46,10,10,TRUE,87.9,97.9,242.8,261.1,89.7,100
47,10,10,TRUE,84.6,97.9,224.5,297.6,87.6,96
48,10,10,TRUE,83.2,95.4,213.4,303.4,86.3,100
49,10,10,TRUE,81.7,95.5,252.9,220.5,96,100
50,10,10,TRUE,92.2,100,210.8,270,91.8,96.1
1,1,11,FALSE,67.6,73.4,190.2,187.4,74.3,91.3
2,1,11,FALSE,72.5,84.1,167.1,195.7,77.3,91.1
3,1,11,FALSE,79.5,71.1,173.4,205.2,78.7,89
4,1,11,FALSE,74.6,81.5,220.7,240.8,77.9,88
5,1,11,FALSE,75,81.5,180.3,223,81.7,92.7
6,2,11,TRUE,82.9,87.2,221.6,279.7,89.1,98.7
7,2,11,TRUE,83.1,91.8,198.3,273.2,86.6,95.5
8,2,11,TRUE,91.3,94.7,218.5,291.8,94.8,98.8
9,2,11,TRUE,82.6,100,218.4,286.8,91.8,100
10,2,11,TRUE,79.9,93.2,174.9,216.4,90.6,93.4
11,3,11,TRUE,85.5,100,209.8,274.8,92.7,96
12,3,11,TRUE,85.4,93.2,236,270.9,91,98.9
13,3,11,TRUE,81.2,94.2,216.1,284.4,95.1,100
14,3,11,TRUE,88.4,98.8,215.7,267.6,90.9,100
15,3,11,TRUE,84.1,94.1,198,269.6,91.6,98.5
16,4,11,FALSE,71.3,78.2,160.3,258,87.1,84.7
17,4,11,FALSE,86.8,87.3,183,220.1,85.9,92.4
18,4,11,FALSE,94.7,69,170.4,195.7,83.5,83.2
19,4,11,FALSE,71.6,73.7,198.2,205.5,76.7,86.6
20,4,11,FALSE,84.6,74.3,186.1,201.9,79.9,86.6
21,5,11,FALSE,85.6,79.1,194.5,173.8,80.5,89.5
22,5,11,FALSE,69.1,82.7,182.1,250.1,81.9,89.9
23,5,11,FALSE,71.7,78,156.9,220.4,86.3,89
24,5,11,FALSE,67.7,79.8,177.1,246.1,83.1,85
25,5,11,FALSE,75.3,77,182.8,231.5,78.1,90.3
26,6,11,FALSE,72.9,82.6,183.3,243.3,79.9,73.5
27,6,11,FALSE,83.3,80.6,159,241.3,83.6,83.6
28,6,11,FALSE,72.9,94,154,217.3,84.4,83.8
29,6,11,FALSE,80.4,89.2,193.8,191.3,83.8,90.5
30,6,11,FALSE,83.5,80.2,194.6,201.2,75.8,89.6
31,7,11,FALSE,67.3,81.8,158.5,180.1,76.7,87.8
32,7,11,FALSE,77.3,79.5,189.4,238.2,83.5,86.2
33,7,11,FALSE,83.6,74.8,191.8,220.7,77.2,90.7
34,7,11,FALSE,71.3,75.3,216.3,236.4,84.4,93
35,7,11,FALSE,68.2,83.8,150.3,235.2,75.1,92.9
36,8,11,FALSE,84.2,76.5,150.3,232.1,84.1,92.1
37,8,11,FALSE,62,72.2,189.4,204.2,81.6,93.4
38,8,11,FALSE,77.3,75.8,176.3,225.5,76.1,91
39,8,11,FALSE,82.6,97.9,164.3,219.1,80.5,95.3
40,8,11,FALSE,74.5,80.2,219.3,233.2,71.2,79.4
41,9,11,FALSE,66.1,79.2,203.9,210.6,85.7,92.9
42,9,11,FALSE,69.5,87.7,183.1,222.6,81.6,87.2
43,9,11,FALSE,80.5,80.2,167.1,236.5,80.5,86.7
44,9,11,FALSE,62.5,78.8,199.8,244.1,74.6,86.2
45,9,11,FALSE,78.2,81.9,193.8,227.6,84.8,88.6
46,10,11,TRUE,90.1,100,208,224.6,80.6,100
47,10,11,TRUE,82.7,97.5,190.1,276.3,98.7,95.2
48,10,11,TRUE,83.4,99.7,192.4,297.5,93.7,96.6
49,10,11,TRUE,74.9,97.5,214.3,225.7,92.7,100
50,10,11,TRUE,74,94.9,221.9,274.3,87.5,88.3
1,1,12,FALSE,74.2,75.5,189.2,245.4,82.5,89.9
2,1,12,FALSE,79.1,75.1,172.7,206.6,81.1,83.8
3,1,12,FALSE,73.4,81.5,212.1,263.4,80.3,90.6
4,1,12,FALSE,73.4,77.4,132.5,242.8,90.8,94.7
5,1,12,FALSE,83.1,82.8,204,240.8,78.2,87.6
6,2,12,TRUE,74.7,96,164.4,283.2,86.9,97.1
7,2,12,TRUE,89.9,98.1,213.2,260.5,96.6,95.6
8,2,12,TRUE,83.3,97.3,198.7,210.8,93.3,98.7
9,2,12,TRUE,81.1,97.3,224.4,264.3,88.6,100
10,2,12,TRUE,94.8,93.3,209.6,302.8,85.7,100
11,3,12,TRUE,93,96.5,213.5,217.8,88.3,97.9
12,3,12,TRUE,87.1,95.7,218.5,290.8,86.9,94
13,3,12,TRUE,80.3,88.4,228,244.5,85.3,96.1
14,3,12,TRUE,84.7,92.8,189.2,282.2,88.3,99.1
15,3,12,TRUE,90.1,90.5,194.1,246.3,87.1,94.6
16,4,12,FALSE,65.5,79.9,153.6,201.9,87.7,100
17,4,12,FALSE,61.5,76,202.4,231.9,86,91.6
18,4,12,FALSE,79.4,83.1,150,214.7,80.1,100
19,4,12,FALSE,63.7,86,176.9,191.2,86.3,87.2
20,4,12,FALSE,71.9,80.4,177.1,253.8,80.4,91
21,5,12,FALSE,72.4,85,178.6,225.1,85,78.4
22,5,12,FALSE,84.7,75.8,213.7,194.5,76.2,72.4
23,5,12,FALSE,74.2,76.4,194.5,217.1,76.6,94.5
24,5,12,FALSE,76,70.1,173.9,181.3,83.3,92.2
25,5,12,FALSE,78.7,84.7,187.3,188.5,78.5,97.8
26,6,12,FALSE,71,84.2,192.4,225.6,82.3,100
27,6,12,FALSE,83.4,73.4,200.4,202.9,89.1,93
28,6,12,FALSE,66.6,76.4,159.8,242.3,79.3,86.4
29,6,12,FALSE,82.7,75.5,152.1,234.1,72.7,85.1
30,6,12,FALSE,89.7,68,193.2,250.1,87.1,90.8
31,7,12,FALSE,78.8,85.3,187.6,216.8,80.4,92.9
32,7,12,FALSE,72.4,68.5,164.1,216,81.3,88.5
33,7,12,FALSE,71.4,88.9,185.4,225,70.2,90.9
34,7,12,FALSE,64.2,78.3,195.5,210.8,84.9,100
35,7,12,FALSE,68.4,81.4,174,242.5,86.3,94.1
36,8,12,FALSE,74.9,79,149.9,217.2,84.1,94.4
37,8,12,FALSE,72,77.6,200.2,168.3,79,86.7
38,8,12,FALSE,79.8,87.9,175.9,241.8,89.8,84.8
39,8,12,FALSE,72,89.2,181.8,217.8,81.6,97.7
40,8,12,FALSE,78,80.2,165.2,199.2,81.3,88.8
41,9,12,FALSE,65.4,85.9,171.6,235.8,83.5,87.1
42,9,12,FALSE,76,83,167.6,259.6,88.4,97.6
43,9,12,FALSE,73.7,74.9,228.4,265.8,71.1,84
44,9,12,FALSE,77.6,79.7,200.7,278.4,83.2,100
45,9,12,FALSE,73.9,73,152.2,252,90.2,74
46,10,12,TRUE,81.8,90.5,170.4,225.3,96.3,93.2
47,10,12,TRUE,92.9,93.4,231.2,236.3,97.8,92.1
48,10,12,TRUE,85.3,92.7,229.1,232,88.2,99.4
49,10,12,TRUE,86.7,90.5,215.6,273.2,88.2,93
50,10,12,TRUE,83.4,92.5,238.3,288.4,93.5,97.7
1,1,13,FALSE,80,72.1,203.6,215.8,73.9,91.9
2,1,13,FALSE,81.1,81.9,174.5,215.5,84.3,87.6
3,1,13,FALSE,73.1,82.5,209,240.8,87.9,86.2
4,1,13,FALSE,67.8,70.5,202.7,230.4,73.4,80.5
5,1,13,FALSE,72,87.8,186,194.4,82.9,85.1
6,2,13,TRUE,90.7,96.9,216.3,234.8,98.6,97.2
7,2,13,TRUE,83.1,96.3,246.6,213.3,80.7,100
8,2,13,TRUE,80.7,97.1,261.1,288,88.7,100
9,2,13,TRUE,82,88.1,215.1,279.3,95.4,98.3
10,2,13,TRUE,84.5,95.1,223.6,229.3,86.5,98.7
11,3,13,TRUE,84.6,95.6,180.4,235.7,86.4,95.9
12,3,13,TRUE,85.1,98.6,227.7,227.5,87.3,95.6
13,3,13,TRUE,79.7,94.9,229.3,179.2,85.1,100
14,3,13,TRUE,88.2,94.1,189.9,206.1,98.3,99.1
15,3,13,TRUE,75,91.4,212.6,241.3,93.5,97.4
16,4,13,FALSE,79.9,97.4,155.3,251.2,87.2,82.3
17,4,13,FALSE,80,86.7,151.6,256,75.9,100
18,4,13,FALSE,83.5,68,187.3,225.3,78.1,85.9
19,4,13,FALSE,67.9,70.9,148.4,225.1,77.5,88.6
20,4,13,FALSE,81.1,67.2,201.3,239.8,76.3,88.5
21,5,13,FALSE,78,83.4,160,253.9,76.8,86.5
22,5,13,FALSE,75.5,75.3,165.3,217.8,75.2,80.3
23,5,13,FALSE,86.3,81.7,179.9,170.9,84.8,80.4
24,5,13,FALSE,79.8,74.4,178.5,222.7,83.6,95.7
25,5,13,FALSE,68.6,77,162,224.1,71.1,90.3
26,6,13,FALSE,73.7,71.1,175.3,209.6,77.3,94.3
27,6,13,FALSE,68.1,66,180.9,197.3,87.8,90.5
28,6,13,FALSE,73.8,62.7,171.2,228.6,87.6,94.1
29,6,13,FALSE,65.7,79.9,203.9,212.1,74.1,100
30,6,13,FALSE,68.8,80.8,213,245.1,85.3,94
31,7,13,FALSE,66.7,77.7,245.5,224.9,73.7,83.5
32,7,13,FALSE,86.8,74.2,210,155.8,71.1,90.2
33,7,13,FALSE,64.7,90.2,159,196.5,74.8,94
34,7,13,FALSE,71.1,72.6,148.4,257.4,73.3,86.7
35,7,13,FALSE,72.6,84.3,168.5,253.3,76.1,97.6
36,8,13,FALSE,77.4,81.6,171.1,264.2,86.6,97.7
37,8,13,FALSE,70.3,85.9,193.7,203.4,78.3,89.7
38,8,13,FALSE,74.2,74.1,165.5,171,82.8,86.6
39,8,13,FALSE,72.2,85.9,158.1,188.2,72.9,87.7
40,8,13,FALSE,84.8,85.9,202.8,225.6,87.4,81.2
41,9,13,FALSE,72,72.9,177.5,191.2,70.9,91.7
42,9,13,FALSE,79.2,82.9,179.5,215.5,84.8,89.9
43,9,13,FALSE,61.2,85.7,181.8,191.8,80.7,87.9
44,9,13,FALSE,73.2,80.2,170,216.7,82.1,91.5
45,9,13,FALSE,74.8,88.8,163.4,226.4,83.6,91.9
46,10,13,TRUE,87.2,94.1,250.8,242.5,88.8,97.9
47,10,13,TRUE,75,95.4,270.4,295.4,84.9,93.7
48,10,13,TRUE,85.5,93.5,230.5,228,92.4,100
49,10,13,TRUE,88.8,100,249.8,244.8,100,98.8
50,10,13,TRUE,95.3,96.2,189.8,285.4,88.8,100
1,1,14,FALSE,62,86.6,166.4,227.1,89.7,89.8
2,1,14,FALSE,70.6,77.2,201.8,250.1,79.8,90.5
3,1,14,FALSE,75.4,86.2,158.8,211.4,75.8,85.4
4,1,14,FALSE,63.1,81.2,201.3,216.9,82,88.5
5,1,14,FALSE,79.3,77.5,188.4,268.7,81.2,92.2
6,2,14,TRUE,77.7,95.5,232.5,254.9,85.8,100
7,2,14,TRUE,90.3,90.7,192.9,212.5,89.9,96.4
8,2,14,TRUE,83.8,96.7,198.8,250.9,80.9,98.9
9,2,14,TRUE,93.3,96.4,198.8,340.5,83,94.3
10,2,14,TRUE,86.1,90.7,212.5,254.4,89.3,96.1
11,3,14,TRUE,90.4,95.3,224.8,229.1,89,94.9
12,3,14,TRUE,76.7,92.3,231,294.4,92.7,97.3
13,3,14,TRUE,82.8,91.4,209.8,227.1,88.5,96.1
14,3,14,TRUE,91.7,92.3,212.7,289.8,88.3,100
15,3,14,TRUE,82.9,98.5,241.6,263.9,94.7,92.6
16,4,14,FALSE,76.2,71.6,211.1,216.6,81.9,91.8
17,4,14,FALSE,73.3,81.2,152.9,214.5,78.6,90.1
18,4,14,FALSE,73,77,190.6,240.8,78.4,89.7
19,4,14,FALSE,80.7,78.5,168.3,232.8,79.3,89.3
20,4,14,FALSE,74.8,82,179.7,248,83.3,83
21,5,14,FALSE,71.8,69.9,185.3,198.9,77.8,84.8
22,5,14,FALSE,76.6,79.7,169.2,226.5,80.1,95.5
23,5,14,FALSE,80.2,79.7,175.2,188,83.9,91
24,5,14,FALSE,81.3,81.6,170.8,231.5,78.3,88.6
25,5,14,FALSE,84.4,84.3,168.1,187.1,86.8,94.4
26,6,14,FALSE,72.8,73.2,168.3,178.7,78.5,100
27,6,14,FALSE,77.8,77.8,173,248.9,77.7,89.3
28,6,14,FALSE,74.2,88.2,155.8,184.6,85.5,94.1
29,6,14,FALSE,81.5,82.3,158.4,177.5,72.9,86.6
30,6,14,FALSE,81.2,71.1,160.2,228.9,79.4,88.4
31,7,14,FALSE,71.4,87.2,180.4,187.8,83.2,93
32,7,14,FALSE,66.4,76.7,184.4,223,85.7,87.3
33,7,14,FALSE,81.3,82.4,170.6,202.9,81,87
34,7,14,FALSE,87.3,78,175.2,237.5,84.4,91.2
35,7,14,FALSE,78.5,80.3,186.2,238.2,80.8,93.4
36,8,14,FALSE,74.6,74.9,177.9,234.4,81.4,85.3
37,8,14,FALSE,67.5,82,170.4,183.9,83.5,93.9
38,8,14,FALSE,77.7,84.5,162.2,258.6,79.2,80.1
39,8,14,FALSE,76.6,76.3,199.4,249,84.3,87.4
40,8,14,FALSE,77.9,78.8,192,183.6,72.2,90.6
41,9,14,FALSE,74,87,165.8,239.7,77.4,87.7
42,9,14,FALSE,88.7,85.5,147.6,225.1,77,82.9
43,9,14,FALSE,69.7,84.3,196.3,208,87,86.1
44,9,14,FALSE,78.3,79.3,156,224.4,83.5,86.1
45,9,14,FALSE,81.2,81.6,176.9,213.8,82.3,95.1
46,10,14,TRUE,87.2,94.7,189.5,273.9,90.4,97.9
47,10,14,TRUE,81.8,89.3,218.6,223,99.3,94.5
48,10,14,TRUE,86.5,95.5,232.6,250.1,87.9,99
49,10,14,TRUE,78.6,98.7,202.8,297.5,87.7,99.7
50,10,14,TRUE,96,95.6,215.9,259.4,86.7,94.9
1,1,15,FALSE,66.1,87.6,173.6,273.1,75.4,95.4
2,1,15,FALSE,79.8,87.5,164.4,224.6,85.1,100
3,1,15,FALSE,81.4,84.4,188.7,210.1,79.3,97.9
4,1,15,FALSE,72.9,77,172.4,198.3,81.7,83.4
5,1,15,FALSE,70.5,87.9,167.3,193.9,74.7,94.7
6,2,15,TRUE,88.7,93,232,253.5,88.6,96.6
7,2,15,TRUE,79.8,99.6,255.5,286.4,89.1,100
8,2,15,TRUE,84,92.6,131.6,254.7,85.9,96.6
9,2,15,TRUE,84.7,95.4,201.4,240.3,89.4,97.2
10,2,15,TRUE,81.3,93.2,210.4,223.7,96.6,96.6
11,3,15,TRUE,88.2,96,244.5,263.9,80.7,96.8
12,3,15,TRUE,88.7,91.7,225.2,260.3,85.3,99.2
13,3,15,TRUE,86.7,95.2,200.3,222.3,84.5,95.5
14,3,15,TRUE,85,91.6,220.3,283.5,87.8,93.4
15,3,15,TRUE,85.6,100,184.4,245.5,80.9,100
16,4,15,FALSE,76.2,82.6,203.7,215.5,67.3,78.9
17,4,15,FALSE,78.9,83.9,178.8,213.4,86.2,94.2
18,4,15,FALSE,74.8,88.9,204.3,227.5,84,87.3
19,4,15,FALSE,73.3,77.6,179.2,224.3,81.6,85.5
20,4,15,FALSE,71,86.6,172.6,212.1,79.4,92.4
21,5,15,FALSE,73.2,76.7,179,261.4,80.8,94.6
22,5,15,FALSE,76.3,80.2,185.3,202.9,76.7,90
23,5,15,FALSE,69.5,77.8,162.3,223.7,69.7,82.6
24,5,15,FALSE,74.9,86.3,211,204.2,83.2,90.3
25,5,15,FALSE,68.8,84.3,170,222.5,77,90.9
26,6,15,FALSE,81.6,66.6,187.2,195.5,79.2,92.4
27,6,15,FALSE,68.8,84,185.4,219.7,79.8,84.8
28,6,15,FALSE,81.4,76.4,177.1,185,72.6,92.9
29,6,15,FALSE,70.5,93.9,185.4,269.2,86.3,91.9
30,6,15,FALSE,74.4,79.2,159.8,220.1,83.7,96.7
31,7,15,FALSE,82.3,76.3,171.7,192,73.9,92.3
32,7,15,FALSE,87.1,73.3,147.8,260,88.2,94.6
33,7,15,FALSE,71.3,81.9,202.6,235,72.8,100
34,7,15,FALSE,71.6,92.8,182.6,218,73.7,86.1
35,7,15,FALSE,79.9,86.1,167.6,216.9,76.8,97.5
36,8,15,FALSE,78.6,67.6,187.1,226.1,84.7,89.7
37,8,15,FALSE,68.5,83.9,205.3,221.7,81.6,91.4
38,8,15,FALSE,68.1,87.5,178.9,197.4,74.2,96.5
39,8,15,FALSE,78.8,81.9,168,224.8,75.3,87.1
40,8,15,FALSE,85.3,74.9,216.3,241.5,79.5,88.3
41,9,15,FALSE,76.7,77.7,182.6,239.6,75.1,88.4
42,9,15,FALSE,72.2,83.3,187.6,188.1,74.5,89.6
43,9,15,FALSE,76.3,74.8,190.9,206.8,86.3,84.3
44,9,15,FALSE,65.7,80.6,180.6,181.1,82.6,88.4
45,9,15,FALSE,69.6,86.4,148.5,232.2,76.7,96.1
46,10,15,TRUE,90.2,92.1,185.5,267.9,92.1,100
47,10,15,TRUE,77.8,96.4,226.9,288.3,85.1,97.6
48,10,15,TRUE,81.3,98.6,238.6,200.2,98.2,93.1
49,10,15,TRUE,92.4,100,222.9,214.6,84.2,94.7
50,10,15,TRUE,85.8,91.4,226.7,256,97.5,98.4
1,1,16,FALSE,68,83,166.8,244.4,85.6,96.7
2,1,16,FALSE,83.5,70.6,212.9,208.7,75.4,89
3,1,16,FALSE,77.6,81.3,154.1,218,72.3,86.1
4,1,16,FALSE,78.9,79.5,173.4,269.5,85.3,100
5,1,16,FALSE,72.1,71.2,154.1,207.7,71.4,85.9
6,2,16,TRUE,94.5,98.6,265.8,228.4,85.8,98.6
7,2,16,TRUE,78.7,95.1,234.7,270.9,97.2,95.1
8,2,16,TRUE,90.5,90,222.5,243.9,93.3,100
9,2,16,TRUE,85.6,85.1,194.9,276.6,93.5,89.1
10,2,16,TRUE,82.1,99.4,184.1,305.9,83.3,100
11,3,16,TRUE,84.4,96.5,189,251.7,89,99.2
12,3,16,TRUE,86.9,92.9,204.4,216.7,93.6,100
13,3,16,TRUE,74.9,96.8,243.2,240.9,93,96
14,3,16,TRUE,90.1,100,188.3,299.4,89.4,98
15,3,16,TRUE,80.5,94.5,207.5,244,92.8,92.5
16,4,16,FALSE,74.7,91,195.3,246.3,80,88.6
17,4,16,FALSE,72.3,84,150.6,272.8,80.2,90.4
18,4,16,FALSE,77.7,86.7,208.6,204.5,78.3,85.7
19,4,16,FALSE,62,76.9,206.1,228.8,81,90.7
20,4,16,FALSE,80.5,84.6,210.2,186.6,85,87.1
21,5,16,FALSE,75.5,76.9,159.5,209.9,81.7,86.3
22,5,16,FALSE,72.7,85.6,191.3,200.8,77.3,99.4
23,5,16,FALSE,67.5,81.1,176.5,231.7,70.4,82.7
24,5,16,FALSE,70.5,81,158.8,210.4,85.3,97.8
25,5,16,FALSE,76,77.4,169.5,227.7,78.3,87.1
26,6,16,FALSE,76.3,78.5,156.1,192.3,78.8,90
27,6,16,FALSE,74.2,81.9,197.1,225.4,84,86.1
28,6,16,FALSE,68,83.6,169.3,222,76.1,84.2
29,6,16,FALSE,67.3,83.7,183.5,194.7,71.2,90.6
30,6,16,FALSE,75.9,78.6,163.7,219.7,86.6,86.4
31,7,16,FALSE,61.5,79,169.7,205.7,83.6,93.6
32,7,16,FALSE,72.9,73,211.2,220.6,81,98.1
33,7,16,FALSE,75.7,76.8,194.8,154,82.3,98.8
34,7,16,FALSE,70,77.7,173.9,211.3,82.1,92.5
35,7,16,FALSE,69.6,77.4,166,228.9,85.9,91.6
36,8,16,FALSE,76.3,74.4,195.9,250.4,77.3,82.2
37,8,16,FALSE,76.5,82,160.6,176.2,76.8,86.1
38,8,16,FALSE,73.5,87.3,215.7,228.4,84,97.5
39,8,16,FALSE,73,79,176.5,211,77.4,91.7
40,8,16,FALSE,77.7,80.8,182.2,201,86.2,81.3
41,9,16,FALSE,81.5,84.2,214.9,224.5,75.4,95.4
42,9,16,FALSE,73,73.7,218,211.4,87.7,85.2
43,9,16,FALSE,83.7,80.2,151.6,209.6,77.7,89.1
44,9,16,FALSE,67.5,70.9,202.3,218.4,82.6,91.2
45,9,16,FALSE,81.9,82.3,183.8,193.4,75.7,92.2
46,10,16,TRUE,87.4,89.5,194.6,296.6,81.7,96.1
47,10,16,TRUE,92,91.7,220.9,235.9,86.9,100
48,10,16,TRUE,80.8,100,217.2,274.8,95,100
49,10,16,TRUE,86.9,93.3,191.9,271.2,86.7,100
50,10,16,TRUE,80.7,97.4,302.9,227.6,82.8,95.6
1,1,17,FALSE,65.5,77.4,176.7,190.3,75.3,76.7
2,1,17,FALSE,70.3,84.9,176.6,193.9,80.1,80.1
3,1,17,FALSE,83.6,84.1,163.4,190.4,76.8,88.7
4,1,17,FALSE,85.6,78.8,187.1,223.9,82.6,93.5
5,1,17,FALSE,77.6,76.1,192.8,238.8,79.9,83.8
6,2,17,TRUE,77.8,99.3,194,263.5,88.6,96.7
7,2,17,TRUE,100,98.3,242.1,238.1,89.7,93.8
8,2,17,TRUE,85.4,88.3,178.6,257.8,99.1,100
9,2,17,TRUE,86.2,94.8,241,229.1,84.4,96.7
10,2,17,TRUE,78.4,100,194.3,264.2,86.1,99
11,3,17,TRUE,77.3,95.5,217.6,301.2,87.4,96.8
12,3,17,TRUE,83.7,90.3,205.9,242.4,94.2,91
13,3,17,TRUE,86.1,93,211.3,248.3,91,95.4
14,3,17,TRUE,79.1,99,171.2,258.3,89.1,97.5
15,3,17,TRUE,86.7,95.4,197.9,218.4,94.9,95.9
16,4,17,FALSE,71.9,76.3,172.6,216.8,83.1,91.9
17,4,17,FALSE,71.4,72.3,202.3,209.8,88.2,100
18,4,17,FALSE,85.1,71.6,184.3,217.8,87.9,86.6
19,4,17,FALSE,73.9,63.5,202.5,216.2,76.1,100
20,4,17,FALSE,83.3,86.3,174.7,204.8,77.9,87.7
21,5,17,FALSE,75.1,77,180.4,205.9,82.5,87.4
22,5,17,FALSE,68.2,78.6,238.6,220.3,85.5,86.3
23,5,17,FALSE,72.8,75.4,158.3,256.2,75.9,94.1
24,5,17,FALSE,74.6,74,204.3,220.7,82,87.1
25,5,17,FALSE,75.9,88.6,174.4,195.7,83.1,92.2
26,6,17,FALSE,77.6,88.6,186.3,235.3,73.9,92.1
27,6,17,FALSE,80.6,77.8,192,255.4,76,85.9
28,6,17,FALSE,71.7,81.4,219.6,175.7,75.4,95.7
29,6,17,FALSE,82.9,90.4,168.1,202.8,82.5,93.1
30,6,17,FALSE,82.3,85.8,157.1,207.2,73.1,89
31,7,17,FALSE,64.3,88.1,172.8,233.4,93.3,95.5
32,7,17,FALSE,83.1,77.5,186.2,242.3,79.5,85.6
33,7,17,FALSE,85.3,75.9,190.8,250.5,82.5,86.6
34,7,17,FALSE,78.9,83.7,201.9,208.6,85.9,90.2
35,7,17,FALSE,75.8,81.2,187.2,210,83.4,93.6
36,8,17,FALSE,76.4,68.6,169.6,180.5,74.3,92.8
37,8,17,FALSE,74.3,79.1,200.4,225.9,78.4,86.2
38,8,17,FALSE,72.5,79.3,173,244.6,74.7,96.8
39,8,17,FALSE,72.5,68.1,161.9,232.8,82.6,100
40,8,17,FALSE,75,69.7,180.2,189.7,84.4,93.3
41,9,17,FALSE,77.7,88.8,197.5,218.3,75.7,95.4
42,9,17,FALSE,80.3,87.5,192,192.4,78.7,91.3
43,9,17,FALSE,71.4,95.1,197.2,192.8,84.6,88.3
44,9,17,FALSE,74.3,77.1,214.8,206.6,83.7,91.7
45,9,17,FALSE,72.5,79.4,198.4,236.6,79.5,89.7
46,10,17,TRUE,83.8,100,185.1,233.3,98.2,99
47,10,17,TRUE,84,100,241.3,278.3,91,97.5
48,10,17,TRUE,91,100,186.4,257.7,89,100
49,10,17,TRUE,91.7,89.1,231.2,271.6,96.7,100
50,10,17,TRUE,85.8,100,249.7,272.5,91.6,99.4
1,1,18,FALSE,77.5,77.5,219.8,248.1,82,99.6
2,1,18,FALSE,71.1,88.3,166.9,201.6,75,90.4
3,1,18,FALSE,75,74.1,168.4,222.5,79.2,82.4
4,1,18,FALSE,74.8,84.7,183.4,211.4,79.7,98.9
5,1,18,FALSE,70.9,71.9,175.9,229.7,69,93.6
6,2,18,TRUE,88.5,85.5,185.5,249.1,92.4,99.1
7,2,18,TRUE,82.9,95.9,153.8,217.1,95.2,99.9
8,2,18,TRUE,88.8,93.2,230.6,265.8,94.2,97.3
9,2,18,TRUE,91.2,92.7,225,238.1,87.6,96.1
10,2,18,TRUE,84.1,99.5,199.9,258.7,89.8,100
11,3,18,TRUE,82.4,97.6,203.2,315.8,90.1,93.7
12,3,18,TRUE,85.6,98.7,225.5,249,85.1,99.1
13,3,18,TRUE,91.2,90.9,200.6,289.8,93.5,96.3
14,3,18,TRUE,81.4,97.7,184.3,227.5,93.4,99.3
15,3,18,TRUE,87.1,91.2,245.3,308,86.6,96.7
16,4,18,FALSE,70.1,75.1,203.7,250.2,84,88.5
17,4,18,FALSE,64.7,67.8,176.6,206.1,86.1,94.4
18,4,18,FALSE,73.1,71.1,183.4,196,77.3,88.7
19,4,18,FALSE,83.5,76.5,196.2,231.8,80.3,92.1
20,4,18,FALSE,80.3,71.9,166.5,261.6,78.1,86.9
21,5,18,FALSE,73.8,86.4,191.7,192.3,82.7,89.3
22,5,18,FALSE,76.5,69.8,154,226.7,82.9,100
23,5,18,FALSE,83,75.2,179.5,234.7,88.1,87.6
24,5,18,FALSE,86.6,77.5,179.8,171.8,75.3,86.4
25,5,18,FALSE,75.7,80.2,178.9,185.6,77.2,97.6
26,6,18,FALSE,67.6,74.1,200.2,209.3,88.7,85.9
27,6,18,FALSE,80.2,80.3,172.1,239.3,75.1,93.7
28,6,18,FALSE,83.9,86.6,202,196.7,84,92.2
29,6,18,FALSE,81.9,75.6,184.3,212.4,84.6,83.4
30,6,18,FALSE,76.3,76.1,219.7,232.2,83.1,100
31,7,18,FALSE,82.8,79.5,183.4,208.1,79.8,95.3
32,7,18,FALSE,63,85.7,174.5,198.5,80.7,94.3
33,7,18,FALSE,73.5,75.7,173.6,227,76.1,86.5
34,7,18,FALSE,77.6,74.4,225.2,199.9,76.7,88
35,7,18,FALSE,74.7,80.2,189.9,196.9,80.5,92.6
36,8,18,FALSE,81.7,83.8,202,230,75.2,91.7
37,8,18,FALSE,73.2,66.8,162.1,278.5,72,100
38,8,18,FALSE,76.2,84.2,202.5,198.3,77.4,100
39,8,18,FALSE,71.3,78.6,191,193.5,77.9,84.2
40,8,18,FALSE,61.5,77.2,167.7,198.5,80.5,100
41,9,18,FALSE,81.1,85.4,192.9,242.3,83.6,97.8
42,9,18,FALSE,82.7,72.3,214.6,234.9,79.9,82.2
43,9,18,FALSE,76.7,75.5,159.6,222.3,84.4,91.4
44,9,18,FALSE,66.5,78,168.9,216.5,78.5,94.6
45,9,18,FALSE,70.7,84.5,177.4,210.9,83.8,90.3
46,10,18,TRUE,89.6,100,214.9,256.7,98.6,97.9
47,10,18,TRUE,82.4,91.3,178.8,273.3,89,99
48,10,18,TRUE,82.3,98.8,213.3,208.5,76.8,99.1
49,10,18,TRUE,80.2,97,176.3,286.5,88,100
50,10,18,TRUE,81.7,95.1,150.7,281.4,88.7,99.3
1,1,19,FALSE,69,76.6,178.8,178.3,77.7,85.3
2,1,19,FALSE,78.9,64.3,165.8,227.9,86.5,88.6
3,1,19,FALSE,81.8,73.2,163.1,199,77.9,90.5
4,1,19,FALSE,84,79.6,184.8,264.3,77.8,85.9
5,1,19,FALSE,64.8,81.9,180,182.8,77.3,85.9
6,2,19,TRUE,83.7,99.5,218.2,240.5,78.9,100
7,2,19,TRUE,86.5,98.5,205.8,280.8,91.2,98.2
8,2,19,TRUE,82.5,97.7,171.3,208,85.1,99.2
9,2,19,TRUE,82.4,91.5,207.3,293.2,92.1,98
10,2,19,TRUE,87.1,93.3,189.9,273.1,83.8,95.7
11,3,19,TRUE,82.6,93.7,208.5,287.3,81.9,100
12,3,19,TRUE,85.7,86.3,198.6,305.6,96,96.7
13,3,19,TRUE,95.2,92.6,186.3,217.3,85.3,99.2
14,3,19,TRUE,92.6,95.3,160,255.7,92.7,96.7
15,3,19,TRUE,84.8,100,258.2,287.2,85.4,95.1
16,4,19,FALSE,80.1,80.3,155.6,227.3,81.3,90
17,4,19,FALSE,73.7,93.2,126.1,232.8,85.4,96.7
18,4,19,FALSE,80.1,80.3,188.8,230.2,89.7,83
19,4,19,FALSE,78.9,87.6,189.4,199.3,85.1,95.4
20,4,19,FALSE,71.9,79,193.4,180.8,79.4,91.2
21,5,19,FALSE,72.2,88.9,176,234.2,75.7,96.1
22,5,19,FALSE,62.4,76.1,202.3,180.1,89.3,89.7
23,5,19,FALSE,76.8,88.2,177.3,219.4,77.4,92.6
24,5,19,FALSE,77.9,86.6,139.6,166.5,77.3,92
25,5,19,FALSE,73.7,76.1,164.1,221.5,77.5,86.2
26,6,19,FALSE,84,81.9,176.7,232.3,86.5,98.2
27,6,19,FALSE,69.9,80.9,156.4,218,81.6,92.8
28,6,19,FALSE,83.2,74.6,190.2,237,76.5,100
29,6,19,FALSE,73.5,69.5,176.2,227.5,87.2,80.4
30,6,19,FALSE,69.9,76,129.8,186,73.1,91.6
31,7,19,FALSE,70.1,80.2,162.6,197.2,82.9,97.5
32,7,19,FALSE,80.7,74.5,194.5,217.5,80.5,89.5
33,7,19,FALSE,84.3,74.8,178.9,182.2,81.2,86.3
34,7,19,FALSE,79.5,89.2,168.4,233.6,84.5,100
35,7,19,FALSE,82.2,73.6,202.9,183.1,87.4,84.6
36,8,19,FALSE,69.1,91.2,172.6,219.9,76.1,86.9
37,8,19,FALSE,61.1,76.3,199.6,249.4,94.2,86.7
38,8,19,FALSE,77.1,67.2,175.1,196.2,74.7,89.3
39,8,19,FALSE,83.9,78.1,187.5,267,79.1,100
40,8,19,FALSE,67.7,79.1,156,236.3,80.2,79.7
41,9,19,FALSE,71.8,87.3,189.3,214.4,74.8,84.9
42,9,19,FALSE,71,77.1,177.1,222.1,86.1,93.1
43,9,19,FALSE,69.2,79,194.3,214.9,87,92.5
44,9,19,FALSE,63.1,83.4,177.6,223.1,87.2,82.3
45,9,19,FALSE,73.8,73.4,147.2,231.4,75.4,86.7
46,10,19,TRUE,89,89.4,218.3,245.8,82.1,98
47,10,19,TRUE,100,86.8,186.1,295.3,80.6,97.8
48,10,19,TRUE,86.5,87.4,165.9,252.9,96.5,98.7
49,10,19,TRUE,85.8,97.5,208.6,287.1,92.6,99.2
50,10,19,TRUE,92.3,97.5,210.4,247.4,89.5,99.2
1,1,20,FALSE,62,76.9,179.4,291.7,83.4,76.7
2,1,20,FALSE,76.1,83.9,183.8,229,84,87.1
3,1,20,FALSE,80.3,72.7,184.6,186.1,77,89.1
4,1,20,FALSE,75.5,78.9,206.3,262.2,73.4,100
5,1,20,FALSE,82.6,82.5,163.5,204.2,79.5,91.1
6,2,20,TRUE,77.1,87.9,167.9,229.5,89.1,95.4
7,2,20,TRUE,88.2,95.1,173.3,232.8,85.8,98.2
8,2,20,TRUE,86.1,94,203.5,236,91.2,100
9,2,20,TRUE,80,96,181.5,257.5,83,92.3
10,2,20,TRUE,86.6,96.3,229.1,345.7,83.3,100
11,3,20,TRUE,85.2,99.5,234.4,259.4,93.1,95.1
12,3,20,TRUE,86.1,92.9,206.7,200.1,88.2,96.3
13,3,20,TRUE,91.5,92.3,216.7,241.7,89.5,94.9
14,3,20,TRUE,86.9,97.9,213.2,282.6,82.1,99.6
15,3,20,TRUE,72.7,97.9,222.5,221.9,80.3,96.7
16,4,20,FALSE,66.4,87.8,140.1,195.4,87.1,88.6
17,4,20,FALSE,89.9,81.4,175.2,216.5,74.8,77.9
18,4,20,FALSE,62.4,74.3,201.7,234.3,81.8,100
19,4,20,FALSE,70.1,77.2,163.7,214.5,73.1,90
20,4,20,FALSE,72.2,79.6,210.1,264.2,74.3,78.2
21,5,20,FALSE,56.7,74.5,215.9,192.3,84.1,100
22,5,20,FALSE,66.5,76.2,197.8,264.3,83.1,81.5
23,5,20,FALSE,70.8,74.7,175.1,235.1,78.7,95.9
24,5,20,FALSE,62.7,83.1,169.1,202,76.8,98.3
25,5,20,FALSE,77.7,80.4,135.3,222.5,70.6,93.9
26,6,20,FALSE,76,82.6,172.2,239.3,79.3,87.1
27,6,20,FALSE,72.7,75.5,197.3,196.2,87,87.8
28,6,20,FALSE,82,72.9,168.8,237.2,75.1,86.5
29,6,20,FALSE,79.6,85.3,197.9,223.2,89.9,96.7
30,6,20,FALSE,72.2,68.2,151.8,190.9,77.8,90.1
31,7,20,FALSE,82.5,74.6,210.4,182.7,86,86.6
32,7,20,FALSE,80.3,80.7,155,243.7,73,82.6
33,7,20,FALSE,68.4,76.8,157.7,172.5,83.1,100
34,7,20,FALSE,73.3,82.8,196.9,226,78,82.3
35,7,20,FALSE,81.5,87.2,201.3,184.4,72.2,86.5
36,8,20,FALSE,83.7,73.1,150,243,72.1,84.1
37,8,20,FALSE,67.1,71.7,177.8,244.9,74.7,100
38,8,20,FALSE,74.3,82.7,186.2,225.4,76.8,95.1
39,8,20,FALSE,60,79.5,171.1,232.6,75.8,96
40,8,20,FALSE,73.1,71.3,174,224.6,83.1,86.2
41,9,20,FALSE,73.2,66.8,175.8,227.2,84,87.9
42,9,20,FALSE,79,82,174.5,211.6,78,89.7
43,9,20,FALSE,68.9,88.4,155.9,196.8,84.1,100
44,9,20,FALSE,79.7,81.2,214.3,216.7,75.5,95.7
45,9,20,FALSE,77.3,71.4,175,225.8,75.9,79.8
46,10,20,TRUE,80.3,87.5,201,266,83.7,98.7
47,10,20,TRUE,84.7,95.7,211.8,272.5,83.9,100
48,10,20,TRUE,84.7,98.8,238.8,258.6,89.1,99.6
49,10,20,TRUE,84.5,100,238.2,263.4,98.2,100
50,10,20,TRUE,81,96,214.8,285.6,89.5,98.6
1,1,21,FALSE,71.2,82.9,190.2,256.9,86.7,97.8
2,1,21,FALSE,78.3,77.8,215,212.9,73.9,94.3
3,1,21,FALSE,78.7,80.3,173.7,199.4,81.8,96.1
4,1,21,FALSE,75.7,94.2,184.6,203.3,85.9,85.5
5,1,21,FALSE,77.2,71.8,168.9,238.2,92.4,92.4
6,2,21,TRUE,77.4,93.6,240.3,261.7,88.5,94.9
7,2,21,TRUE,82.6,99.5,229,251,91.9,94.1
8,2,21,TRUE,83.4,90.2,219.8,273.6,88,97.2
9,2,21,TRUE,93.4,98.4,218,270.6,79.9,93
10,2,21,TRUE,81.1,95.4,254,240.3,88.6,94.7
11,3,21,TRUE,91.5,94.8,216.9,293.5,89.7,91.2
12,3,21,TRUE,93.2,89.2,207.7,249.6,97.3,96.5
13,3,21,TRUE,88.8,89,219.7,237.8,90,99.6
14,3,21,TRUE,74.7,97.6,224.6,286.4,86.7,98
15,3,21,TRUE,97.9,85.7,211.7,250.6,94.8,96.1
16,4,21,FALSE,77.6,77.9,119.5,230.2,84.2,95.5
17,4,21,FALSE,80.9,82.3,184.2,232,84,93.2
18,4,21,FALSE,72,82.4,183.3,188.7,80.4,88.4
19,4,21,FALSE,65.7,76.3,196.2,219,76.4,98
20,4,21,FALSE,83.3,84.3,160.5,207.7,87.1,75.7
21,5,21,FALSE,86.2,83.2,211.3,184.7,78.8,87.8
22,5,21,FALSE,68.5,74.4,202.1,253.7,79.8,87.7
23,5,21,FALSE,80.3,81.9,202.3,192.5,77.7,97.2
24,5,21,FALSE,83.5,84.7,203.1,230.9,84.6,84.8
25,5,21,FALSE,68.8,74.1,220.4,222.7,78.4,84.3
26,6,21,FALSE,69.9,81.4,173,242.1,80.3,88
27,6,21,FALSE,69.1,80.3,159.1,226.6,78.5,91.5
28,6,21,FALSE,85,86.4,220.3,208.6,78.6,100
29,6,21,FALSE,69.8,70.2,153.1,182.1,73,93.9
30,6,21,FALSE,79.1,83.7,164.8,236.6,87.5,85.5
31,7,21,FALSE,74,80.4,192,175.6,82.5,87.2
32,7,21,FALSE,67.4,78.8,180,216.3,76,81
33,7,21,FALSE,80.6,76.3,180.8,196.6,74.2,78.5
34,7,21,FALSE,81.7,75.7,202.4,247.2,81.6,84.9
35,7,21,FALSE,73.1,73,166.9,210.1,79.3,91
36,8,21,FALSE,77.1,74.7,194.3,199.4,85.2,88
37,8,21,FALSE,74.2,77.7,180.7,214.8,76.4,90.4
38,8,21,FALSE,70.4,79.3,223.5,190.1,84.1,90.1
39,8,21,FALSE,74,76.8,140.6,212.8,75.8,88.2
40,8,21,FALSE,79.3,81.1,168.1,168.9,78.9,85.2
41,9,21,FALSE,81.5,72.4,146.7,191.8,80.1,91.3
42,9,21,FALSE,71.6,81.7,202.9,226.5,77.9,95.6
43,9,21,FALSE,70.3,73.3,179.4,266.3,72.9,100
44,9,21,FALSE,80.4,75.4,171.9,212.9,82.6,88.3
45,9,21,FALSE,73.8,76.2,154,227,77.5,82.1
46,10,21,TRUE,78,93.9,230.6,278.8,91.5,98.4
47,10,21,TRUE,82.8,88.5,208.5,285.5,94.1,98.5
48,10,21,TRUE,80.2,98,222.6,285.1,83.3,94.4
49,10,21,TRUE,88.8,100,243.5,210.3,88.3,99.2
50,10,21,TRUE,86.9,96.8,230.5,261.9,85.9,100
1,1,22,FALSE,72.7,85.5,155.7,181,88.7,89.3
2,1,22,FALSE,83.4,80.7,175.5,203.2,83.2,92.1
3,1,22,FALSE,77.5,84,186.1,246.1,79.7,82.3
4,1,22,FALSE,76.9,86.5,138.7,219.9,79.9,95.1
5,1,22,FALSE,71.5,80.3,134.2,273.7,67.2,93
6,2,22,TRUE,77,90.6,183.8,262.4,84.3,97
7,2,22,TRUE,87.6,93.6,240.6,283.6,84.5,100
8,2,22,TRUE,85.5,100,205.1,256.3,87.2,100
9,2,22,TRUE,82.8,100,184.8,238.5,88.5,100
10,2,22,TRUE,81.1,90,242.9,273.4,87.5,97.1
11,3,22,TRUE,96.5,88,258.3,237.6,84.6,97.6
12,3,22,TRUE,83.9,87.2,170.3,231.1,92.1,97.8
13,3,22,TRUE,76.4,91.9,181.5,302.9,92.1,95.6
14,3,22,TRUE,78.2,100,255,299.9,87.8,96.7
15,3,22,TRUE,84,92.4,244.2,279.8,100,97.1
16,4,22,FALSE,70.2,73.8,184.5,219.1,80,89.5
17,4,22,FALSE,85.1,72.8,164.6,239.3,80.5,85.2
18,4,22,FALSE,67.2,74.1,172.2,239.1,73,81.6
19,4,22,FALSE,70,76,204.4,253.1,86.9,88.7
20,4,22,FALSE,77.1,79,174.5,180.8,88.5,94.8
21,5,22,FALSE,85.7,73,165,213.7,81.7,92.9
22,5,22,FALSE,68.5,81.9,154.6,211.7,73.6,86.4
23,5,22,FALSE,74.2,74.2,167.6,162.9,66.8,81.4
24,5,22,FALSE,78.2,86,154.1,248.2,82,97.8
25,5,22,FALSE,67.3,83.9,163.7,268.3,73.2,85.9
26,6,22,FALSE,76.9,78.3,189.7,265.9,76.4,85
27,6,22,FALSE,77,80.7,166.3,210.6,80.8,92.7
28,6,22,FALSE,76.2,74.2,174.4,221.3,75.8,90.7
29,6,22,FALSE,74.1,71.9,206,201.7,85.1,100
30,6,22,FALSE,61,86.5,175.2,199.2,83.5,82.6
31,7,22,FALSE,77.6,76.1,198.5,237.9,86.5,93.6
32,7,22,FALSE,70.4,84.8,185.7,218.4,86.1,84
33,7,22,FALSE,76.5,83.2,188.1,247,70.3,92.1
34,7,22,FALSE,68,81.4,188.1,205.7,91.3,83.7
35,7,22,FALSE,75.3,87.8,198.1,233.5,73.4,83
36,8,22,FALSE,76.1,74.7,191.1,205.9,76.6,92.3
37,8,22,FALSE,69.7,92.3,218.6,203.3,88.2,92.2
38,8,22,FALSE,69.4,83.6,185.9,209.8,76.9,88
39,8,22,FALSE,75.2,83.9,183.2,248.3,83,80.2
40,8,22,FALSE,73.1,75.6,169.7,165.6,88.3,95.7
41,9,22,FALSE,75,83.5,195,202.8,74,88.6
42,9,22,FALSE,69.2,83.5,190.1,254.1,76.2,100
43,9,22,FALSE,83.2,94.3,190.6,221.5,83.8,94.9
44,9,22,FALSE,68.8,85.1,159.8,158,69.9,89.3
45,9,22,FALSE,69.6,81.6,174.7,201.9,76.6,92.6
46,10,22,TRUE,85.8,96.7,221.1,310.8,93.7,100
47,10,22,TRUE,86.5,91.3,181.2,238.6,77.3,99.6
48,10,22,TRUE,88,92.2,227.6,258.4,90.6,97.5
49,10,22,TRUE,82.1,93.1,207.8,269.9,86.7,97.2
50,10,22,TRUE,88.1,94.1,192.5,275.7,86.8,93.3
1,1,23,FALSE,80.1,77.3,199.1,199,81.2,98.4
2,1,23,FALSE,77.3,78.4,178.1,168.2,82.1,91.4
3,1,23,FALSE,73.3,85.4,204.6,193.7,76.5,85.4
4,1,23,FALSE,69.8,80.8,188.3,212.8,77,86.7
5,1,23,FALSE,63,74.5,147,262.8,84.9,87.2
6,2,23,TRUE,82.3,92.5,221,240.7,89.2,95.5
7,2,23,TRUE,86.8,97.1,194.6,233.5,84.1,98.1
8,2,23,TRUE,80.5,97.8,161.3,263.1,84.5,100
9,2,23,TRUE,81.4,84.5,188.7,256.1,100,96.9
10,2,23,TRUE,82.5,96,220.6,262.9,92.8,100
11,3,23,TRUE,92.7,94.6,201.7,240.5,96.4,97.3
12,3,23,TRUE,85.8,95.1,218.4,268.1,82.6,97.5
13,3,23,TRUE,82,94.2,176.3,215.3,90.6,100
14,3,23,TRUE,84,98.4,187.6,258,94.7,100
15,3,23,TRUE,88.3,94.1,198.5,243.1,89.4,93
16,4,23,FALSE,76.7,80.4,180.7,207.1,76.9,99.7
17,4,23,FALSE,80.5,86.8,154.7,289.9,86.9,95.5
18,4,23,FALSE,81.7,70.3,158.9,243.4,85.6,96.1
19,4,23,FALSE,75.2,74.8,194.8,168.5,88.9,90.1
20,4,23,FALSE,80,78.8,173.1,191.6,77.2,98.3
21,5,23,FALSE,68.4,76.7,207.6,176.4,70.2,82.6
22,5,23,FALSE,75.6,95,187.3,177.7,84.3,79.3
23,5,23,FALSE,68.3,78.6,177.4,213.9,86.6,85.9
24,5,23,FALSE,74.8,82.3,182.7,159.4,77.6,88.8
25,5,23,FALSE,71.1,74.6,200.4,204.6,84,91.4
26,6,23,FALSE,80.2,76.3,154.5,209.9,81.6,92.3
27,6,23,FALSE,65.6,75.7,202.9,240.8,71.7,88.1
28,6,23,FALSE,71.5,70.8,179.3,190.7,76.2,100
29,6,23,FALSE,74.4,83.7,174.9,235.9,73,93.6
30,6,23,FALSE,81.6,78.6,177,239.3,88.9,91.4
31,7,23,FALSE,79.9,69.2,207.7,239.9,75.2,95.2
32,7,23,FALSE,76.2,80.2,121.6,224.6,79.6,84.5
33,7,23,FALSE,70.6,84.6,181.1,229.4,83.4,82.3
34,7,23,FALSE,74.7,77.7,189.4,182,79.6,100
35,7,23,FALSE,78.9,73.6,153.5,244.7,81.2,93.1
36,8,23,FALSE,71.6,84.7,182.4,246.3,71.2,75
37,8,23,FALSE,70.2,80.8,164.8,184.4,81.7,95
38,8,23,FALSE,76.7,80.7,167,196.1,87.5,87.1
39,8,23,FALSE,68.6,91.5,188.5,224.2,84.9,92.1
40,8,23,FALSE,78.3,86.7,187.5,210.1,77.2,87.1
41,9,23,FALSE,64.9,74.5,182.9,229.7,81.2,88.1
42,9,23,FALSE,78.7,85.3,196,203.4,83.8,88.3
43,9,23,FALSE,80.6,76,173.5,159.9,69.7,96.9
44,9,23,FALSE,73.4,87.4,187,250.4,80.4,88.7
45,9,23,FALSE,73.3,77.5,152,217.3,79.3,90.5
46,10,23,TRUE,83.6,94.5,178,309.9,76.8,96.5
47,10,23,TRUE,77.2,98.2,166.2,257.3,92.2,98.4
48,10,23,TRUE,85.9,92.7,214,238.6,90.1,96.6
49,10,23,TRUE,84.9,91,150.3,271.4,87.6,97.3
50,10,23,TRUE,81.2,99.8,234.9,237.7,87.4,97.2
1,1,24,FALSE,68.4,81.9,178.8,258.8,74.5,87.9
2,1,24,FALSE,81.3,84.2,184.1,229.5,83.3,94.5
3,1,24,FALSE,74.3,88.9,203.4,196.1,74.3,96
4,1,24,FALSE,74.7,75.6,173.5,243.9,84.6,80.1
5,1,24,FALSE,86.4,83,148.6,268.9,76.4,89.3
6,2,24,TRUE,77.7,100,201.6,308,91.3,97.3
7,2,24,TRUE,83.9,96.5,197.2,220.3,96.1,98.1
8,2,24,TRUE,78.4,100,174.3,251,86.2,95.7
9,2,24,TRUE,78.8,98,261,230.4,86,99.8
10,2,24,TRUE,92.5,91.7,207,265.1,88.1,100
11,3,24,TRUE,84.3,96.8,247,260.7,89.3,98
12,3,24,TRUE,90.8,100,224.3,260.5,93.6,98.1
13,3,24,TRUE,83.2,94.1,214.6,213.6,86.3,97.1
14,3,24,TRUE,89.3,94.2,198.2,307.4,89.9,93.1
15,3,24,TRUE,86.4,90.6,208.6,261.3,95.5,99.6
16,4,24,FALSE,70.6,67.9,164.2,214.8,75.6,94.4
17,4,24,FALSE,81.9,91,180.3,250.7,75.3,89.1
18,4,24,FALSE,74,77.4,180.3,236.3,79.4,89.2
19,4,24,FALSE,80.3,80.9,203.5,276.8,82.3,84.4
20,4,24,FALSE,73,90.1,180.7,228.7,81.8,92.2
21,5,24,FALSE,74,81.8,205.2,197.8,80.4,80.9
22,5,24,FALSE,84.6,84.8,170.1,245.6,75.8,89.4
23,5,24,FALSE,77.8,82.3,197.3,212.7,84.3,85.3
24,5,24,FALSE,74.9,86.7,155.4,214.6,85.8,88.2
25,5,24,FALSE,74.7,87.8,167.6,205.9,79.5,93
26,6,24,FALSE,66.7,76.2,163.2,212,72.8,82.5
27,6,24,FALSE,59.2,81.2,169.5,191.9,85.3,87.6
28,6,24,FALSE,78.3,84.7,141.4,217.3,86,84.7
29,6,24,FALSE,73.3,79.7,165.2,197.3,79.7,95.6
30,6,24,FALSE,65.6,88.9,200.3,222.4,83.1,91.3
31,7,24,FALSE,71.1,74.2,158.2,187.8,70.8,83.2
32,7,24,FALSE,81.9,79,171.8,194.7,78.5,100
33,7,24,FALSE,67.3,89.6,184.3,213.5,86,83.7
34,7,24,FALSE,70.8,83.1,204.5,171,76.2,91.7
35,7,24,FALSE,65.1,74.1,183.2,223.3,84.4,93.3
36,8,24,FALSE,74,80.2,189.8,228.7,74.6,95.8
37,8,24,FALSE,81.3,75.7,200.9,235.4,73.3,90.3
38,8,24,FALSE,83.1,87.8,145.9,226.8,81.2,82.7
39,8,24,FALSE,77.3,86.9,189.8,205.3,74.2,97.5
40,8,24,FALSE,68.6,78.3,171.1,197.8,76.6,80.2
41,9,24,FALSE,69.9,76.7,169.6,205.1,85.7,92.5
42,9,24,FALSE,75.6,75.1,177.3,233.1,75.7,94.8
43,9,24,FALSE,78.6,76.9,177.1,211.9,85.6,85.1
44,9,24,FALSE,68.2,72.3,227.6,235.8,79.8,87.3
45,9,24,FALSE,59.7,77.2,139.1,209.1,74.1,95.1
46,10,24,TRUE,80.1,99.5,226.5,315.6,100,100
47,10,24,TRUE,87.5,100,198.2,291.7,82.9,94.9
48,10,24,TRUE,92,89.5,150.2,240.8,87.7,100
49,10,24,TRUE,76.1,97.5,251.1,204.6,100,100
50,10,24,TRUE,89.3,95.9,192.7,292.1,94.7,97.7
